model,dataset,seed,variant,split,run_id,log_path,hparams,HR@10,HR@20,HR@5,HR@50,NDCG@10,NDCG@20,NDCG@5,NDCG@50
BPRMF,Grocery_and_Gourmet_Food,0,default,dev,BPRMF__Grocery_and_Gourmet_Food__0__lr=0.001__l2=0__emb_size=64__batch_size=256,log\BPRMF\BPRMF__Grocery_and_Gourmet_Food__0__lr=0.001__l2=0__emb_size=64__batch_size=256.txt,batch_size=256;emb_size=64;l2=0;lr=0.001,0.2994,0.3921,0.2009,0.6299,0.1615,0.1849,0.1295,0.2313
BPRMF,Grocery_and_Gourmet_Food,0,default,test,BPRMF__Grocery_and_Gourmet_Food__0__lr=0.001__l2=0__emb_size=64__batch_size=256,log\BPRMF\BPRMF__Grocery_and_Gourmet_Food__0__lr=0.001__l2=0__emb_size=64__batch_size=256.txt,batch_size=256;emb_size=64;l2=0;lr=0.001,0.2819,0.3782,0.1774,0.6137,0.1404,0.1645,0.1064,0.2105
FuXiAlpha,Grocery_and_Gourmet_Food,0,pos1_time1_latent1_ssffn0,dev,FuXiAlpha__Grocery_and_Gourmet_Food__0__lr=0.001__l2=0__emb_size=64__num_layers=1__num_heads=4__time_buckets=32__time_bucket_max=1000000__ff_hidden_size=256__attn_dropout=0.0,log\FuXiAlpha\FuXiAlpha__Grocery_and_Gourmet_Food__0__lr=0.001__l2=0__emb_size=64__num_layers=1__num_heads=4__time_buckets=32__time_bucket_max=1000000__ff_hidden_size=256__attn_dropout=0.0.txt,attn_dropout=0.0;emb_size=64;ff_hidden_size=256;l2=0;lr=0.001;num_heads=4;num_layers=1;time_bucket_max=1000000;time_buckets=32,0.4364,0.5494,0.3122,0.744,0.25,0.2786,0.2097,0.317
FuXiAlpha,Grocery_and_Gourmet_Food,0,pos1_time1_latent1_ssffn0,test,FuXiAlpha__Grocery_and_Gourmet_Food__0__lr=0.001__l2=0__emb_size=64__num_layers=1__num_heads=4__time_buckets=32__time_bucket_max=1000000__ff_hidden_size=256__attn_dropout=0.0,log\FuXiAlpha\FuXiAlpha__Grocery_and_Gourmet_Food__0__lr=0.001__l2=0__emb_size=64__num_layers=1__num_heads=4__time_buckets=32__time_bucket_max=1000000__ff_hidden_size=256__attn_dropout=0.0.txt,attn_dropout=0.0;emb_size=64;ff_hidden_size=256;l2=0;lr=0.001;num_heads=4;num_layers=1;time_bucket_max=1000000;time_buckets=32,0.3895,0.505,0.2712,0.7044,0.2179,0.2471,0.1797,0.2864
FuXiAlpha,Grocery_and_Gourmet_Food_grocery_ep50_h50_abla,1,pos1_time1_latent1_ssffn0_noams,dev,FuXiAlpha__Grocery_and_Gourmet_Food_grocery_ep50_h50_abla__1__lr=0.001__l2=0.0__emb_size=64__num_layers=1__num_heads=4__fuxi_use_ams=0__fuxi_use_pos=1__fuxi_use_time=1___6752b700c6,log\FuXiAlpha\FuXiAlpha__Grocery_and_Gourmet_Food_grocery_ep50_h50_abla__1__lr=0.001__l2=0.0__emb_size=64__num_layers=1__num_heads=4__fuxi_use_ams=0__fuxi_use_pos=1__fuxi_use_time=1___6752b700c6.txt,attn_dropout=0.0;emb_size=64;fuxi_single_stage_ffn=0;fuxi_use_ams=0;fuxi_use_latent=1;fuxi_use_pos=1;fuxi_use_time=1;l2=0.0;lr=0.001;num_heads=4;num_layers=1,0.5016,0.6233,0.3923,0.8222,0.3118,0.3425,0.2765,0.3818
FuXiAlpha,Grocery_and_Gourmet_Food_grocery_ep50_h50_abla,1,pos1_time1_latent1_ssffn0_noams,test,FuXiAlpha__Grocery_and_Gourmet_Food_grocery_ep50_h50_abla__1__lr=0.001__l2=0.0__emb_size=64__num_layers=1__num_heads=4__fuxi_use_ams=0__fuxi_use_pos=1__fuxi_use_time=1___6752b700c6,log\FuXiAlpha\FuXiAlpha__Grocery_and_Gourmet_Food_grocery_ep50_h50_abla__1__lr=0.001__l2=0.0__emb_size=64__num_layers=1__num_heads=4__fuxi_use_ams=0__fuxi_use_pos=1__fuxi_use_time=1___6752b700c6.txt,attn_dropout=0.0;emb_size=64;fuxi_single_stage_ffn=0;fuxi_use_ams=0;fuxi_use_latent=1;fuxi_use_pos=1;fuxi_use_time=1;l2=0.0;lr=0.001;num_heads=4;num_layers=1,0.4568,0.579,0.346,0.7993,0.2714,0.3021,0.2355,0.3457
FuXiAlpha,Grocery_and_Gourmet_Food_grocery_ep50_h50_abla,2,pos1_time1_latent1_ssffn0_noams,dev,FuXiAlpha__Grocery_and_Gourmet_Food_grocery_ep50_h50_abla__2__lr=0.001__l2=0.0__emb_size=64__num_layers=1__num_heads=4__fuxi_use_ams=0__fuxi_use_pos=1__fuxi_use_time=1___cfe6def2b2,log\FuXiAlpha\FuXiAlpha__Grocery_and_Gourmet_Food_grocery_ep50_h50_abla__2__lr=0.001__l2=0.0__emb_size=64__num_layers=1__num_heads=4__fuxi_use_ams=0__fuxi_use_pos=1__fuxi_use_time=1___cfe6def2b2.txt,attn_dropout=0.0;emb_size=64;fuxi_single_stage_ffn=0;fuxi_use_ams=0;fuxi_use_latent=1;fuxi_use_pos=1;fuxi_use_time=1;l2=0.0;lr=0.001;num_heads=4;num_layers=1,0.4942,0.6134,0.3878,0.8044,0.3092,0.3393,0.2747,0.377
FuXiAlpha,Grocery_and_Gourmet_Food_grocery_ep50_h50_abla,2,pos1_time1_latent1_ssffn0_noams,test,FuXiAlpha__Grocery_and_Gourmet_Food_grocery_ep50_h50_abla__2__lr=0.001__l2=0.0__emb_size=64__num_layers=1__num_heads=4__fuxi_use_ams=0__fuxi_use_pos=1__fuxi_use_time=1___cfe6def2b2,log\FuXiAlpha\FuXiAlpha__Grocery_and_Gourmet_Food_grocery_ep50_h50_abla__2__lr=0.001__l2=0.0__emb_size=64__num_layers=1__num_heads=4__fuxi_use_ams=0__fuxi_use_pos=1__fuxi_use_time=1___cfe6def2b2.txt,attn_dropout=0.0;emb_size=64;fuxi_single_stage_ffn=0;fuxi_use_ams=0;fuxi_use_latent=1;fuxi_use_pos=1;fuxi_use_time=1;l2=0.0;lr=0.001;num_heads=4;num_layers=1,0.4515,0.5728,0.3411,0.7745,0.2705,0.3011,0.2347,0.3409
FuXiAlpha,MovieLens_1M,0,pos1_time1_latent1_ssffn0,dev,FuXiAlpha__MovieLens_1M__0__lr=0.001__l2=0__emb_size=64__num_layers=1__num_heads=4__time_buckets=32__time_bucket_max=1000000__ff_hidden_size=256__attn_dropout=0.0,log\FuXiAlpha\FuXiAlpha__MovieLens_1M__0__lr=0.001__l2=0__emb_size=64__num_layers=1__num_heads=4__time_buckets=32__time_bucket_max=1000000__ff_hidden_size=256__attn_dropout=0.0.txt,attn_dropout=0.0;emb_size=64;ff_hidden_size=256;l2=0;lr=0.001;num_heads=4;num_layers=1;time_bucket_max=1000000;time_buckets=32,0.5507,0.7391,0.3702,0.943,0.3043,0.3518,0.2459,0.393
FuXiAlpha,MovieLens_1M,0,pos1_time1_latent1_ssffn0,test,FuXiAlpha__MovieLens_1M__0__lr=0.001__l2=0__emb_size=64__num_layers=1__num_heads=4__time_buckets=32__time_bucket_max=1000000__ff_hidden_size=256__attn_dropout=0.0,log\FuXiAlpha\FuXiAlpha__MovieLens_1M__0__lr=0.001__l2=0__emb_size=64__num_layers=1__num_heads=4__time_buckets=32__time_bucket_max=1000000__ff_hidden_size=256__attn_dropout=0.0.txt,attn_dropout=0.0;emb_size=64;ff_hidden_size=256;l2=0;lr=0.001;num_heads=4;num_layers=1;time_bucket_max=1000000;time_buckets=32,0.5214,0.708,0.3552,0.9289,0.2892,0.3362,0.2355,0.3805
FuXiAlpha,MovieLens_1M_ep50_abla,1,pos1_time1_latent1_ssffn0_noams,dev,FuXiAlpha__MovieLens_1M_ep50_abla__1__lr=0.001__l2=0.0__emb_size=64__num_layers=1__num_heads=4__fuxi_use_ams=0__fuxi_use_pos=1__fuxi_use_time=1__fuxi_use_latent=1__fuxi__1c7fca7593,log\FuXiAlpha\FuXiAlpha__MovieLens_1M_ep50_abla__1__lr=0.001__l2=0.0__emb_size=64__num_layers=1__num_heads=4__fuxi_use_ams=0__fuxi_use_pos=1__fuxi_use_time=1__fuxi_use_latent=1__fuxi__1c7fca7593.txt,attn_dropout=0.0;emb_size=64;fuxi_single_stage_ffn=0;fuxi_use_ams=0;fuxi_use_latent=1;fuxi_use_pos=1;fuxi_use_time=1;l2=0.0;lr=0.001;num_heads=4;num_layers=1,0.8101,0.9035,0.6942,0.9806,0.5627,0.5866,0.525,0.6021
FuXiAlpha,MovieLens_1M_ep50_abla,1,pos1_time1_latent1_ssffn0_noams,test,FuXiAlpha__MovieLens_1M_ep50_abla__1__lr=0.001__l2=0.0__emb_size=64__num_layers=1__num_heads=4__fuxi_use_ams=0__fuxi_use_pos=1__fuxi_use_time=1__fuxi_use_latent=1__fuxi__1c7fca7593,log\FuXiAlpha\FuXiAlpha__MovieLens_1M_ep50_abla__1__lr=0.001__l2=0.0__emb_size=64__num_layers=1__num_heads=4__fuxi_use_ams=0__fuxi_use_pos=1__fuxi_use_time=1__fuxi_use_latent=1__fuxi__1c7fca7593.txt,attn_dropout=0.0;emb_size=64;fuxi_single_stage_ffn=0;fuxi_use_ams=0;fuxi_use_latent=1;fuxi_use_pos=1;fuxi_use_time=1;l2=0.0;lr=0.001;num_heads=4;num_layers=1,0.7804,0.8817,0.6571,0.9715,0.5332,0.559,0.4932,0.5771
FuXiAlpha,MovieLens_1M_ep50_abla,2,pos1_time1_latent1_ssffn0_noams,dev,FuXiAlpha__MovieLens_1M_ep50_abla__2__lr=0.001__l2=0.0__emb_size=64__num_layers=1__num_heads=4__fuxi_use_ams=0__fuxi_use_pos=1__fuxi_use_time=1__fuxi_use_latent=1__fuxi__6f3149f790,log\FuXiAlpha\FuXiAlpha__MovieLens_1M_ep50_abla__2__lr=0.001__l2=0.0__emb_size=64__num_layers=1__num_heads=4__fuxi_use_ams=0__fuxi_use_pos=1__fuxi_use_time=1__fuxi_use_latent=1__fuxi__6f3149f790.txt,attn_dropout=0.0;emb_size=64;fuxi_single_stage_ffn=0;fuxi_use_ams=0;fuxi_use_latent=1;fuxi_use_pos=1;fuxi_use_time=1;l2=0.0;lr=0.001;num_heads=4;num_layers=1,0.8137,0.9052,0.6962,0.9783,0.5688,0.592,0.5307,0.6068
FuXiAlpha,MovieLens_1M_ep50_abla,2,pos1_time1_latent1_ssffn0_noams,test,FuXiAlpha__MovieLens_1M_ep50_abla__2__lr=0.001__l2=0.0__emb_size=64__num_layers=1__num_heads=4__fuxi_use_ams=0__fuxi_use_pos=1__fuxi_use_time=1__fuxi_use_latent=1__fuxi__6f3149f790,log\FuXiAlpha\FuXiAlpha__MovieLens_1M_ep50_abla__2__lr=0.001__l2=0.0__emb_size=64__num_layers=1__num_heads=4__fuxi_use_ams=0__fuxi_use_pos=1__fuxi_use_time=1__fuxi_use_latent=1__fuxi__6f3149f790.txt,attn_dropout=0.0;emb_size=64;fuxi_single_stage_ffn=0;fuxi_use_ams=0;fuxi_use_latent=1;fuxi_use_pos=1;fuxi_use_time=1;l2=0.0;lr=0.001;num_heads=4;num_layers=1,0.7852,0.8822,0.6584,0.9705,0.54,0.5647,0.4987,0.5825
proto_ML1M_full,seed0,,default,dev,proto_ML1M_full__seed0,log\FuXiAlpha\proto_ML1M_full__seed0.txt,,0.0525,0.0955,0.0302,0.1894,0.0253,0.0361,0.0181,0.0546
proto_ML1M_full,seed0,,default,test,proto_ML1M_full__seed0,log\FuXiAlpha\proto_ML1M_full__seed0.txt,,0.0477,0.0885,0.0262,0.1792,0.0227,0.0329,0.0158,0.0507
proto_ML1M_samp,seed0,,default,dev,proto_ML1M_samp__seed0,log\FuXiAlpha\proto_ML1M_samp__seed0.txt,,0.5507,0.7391,0.3702,0.943,0.3043,0.3518,0.2459,0.393
proto_ML1M_samp,seed0,,default,test,proto_ML1M_samp__seed0,log\FuXiAlpha\proto_ML1M_samp__seed0.txt,,0.5214,0.708,0.3552,0.9289,0.2892,0.3362,0.2355,0.3805
GRU4Rec,Grocery_and_Gourmet_Food,0,default,dev,GRU4Rec__Grocery_and_Gourmet_Food__0__lr=0.001__l2=0__emb_size=64__hidden_size=64,log\GRU4Rec\GRU4Rec__Grocery_and_Gourmet_Food__0__lr=0.001__l2=0__emb_size=64__hidden_size=64.txt,emb_size=64;hidden_size=64;l2=0;lr=0.001,0.3826,0.5299,0.2429,0.7273,0.2015,0.2389,0.1566,0.278
GRU4Rec,Grocery_and_Gourmet_Food,0,default,test,GRU4Rec__Grocery_and_Gourmet_Food__0__lr=0.001__l2=0__emb_size=64__hidden_size=64,log\GRU4Rec\GRU4Rec__Grocery_and_Gourmet_Food__0__lr=0.001__l2=0__emb_size=64__hidden_size=64.txt,emb_size=64;hidden_size=64;l2=0;lr=0.001,0.3408,0.4829,0.2054,0.6843,0.1728,0.209,0.1292,0.2487
GRU4Rec,MovieLens_1M,0,default,dev,GRU4Rec__MovieLens_1M__0__lr=0.001__l2=0__emb_size=64__hidden_size=64,log\GRU4Rec\GRU4Rec__MovieLens_1M__0__lr=0.001__l2=0__emb_size=64__hidden_size=64.txt,emb_size=64;hidden_size=64;l2=0;lr=0.001,0.5491,0.7428,0.3714,0.9465,0.3028,0.3519,0.2455,0.3929
GRU4Rec,MovieLens_1M,0,default,test,GRU4Rec__MovieLens_1M__0__lr=0.001__l2=0__emb_size=64__hidden_size=64,log\GRU4Rec\GRU4Rec__MovieLens_1M__0__lr=0.001__l2=0__emb_size=64__hidden_size=64.txt,emb_size=64;hidden_size=64;l2=0;lr=0.001,0.5247,0.7141,0.3578,0.9277,0.2877,0.3356,0.234,0.3784
SASRec,Grocery_and_Gourmet_Food,0,default,dev,SASRec__Grocery_and_Gourmet_Food__0__lr=0.001__l2=0__emb_size=64__num_layers=1__num_heads=4,log\SASRec\SASRec__Grocery_and_Gourmet_Food__0__lr=0.001__l2=0__emb_size=64__num_layers=1__num_heads=4.txt,emb_size=64;l2=0;lr=0.001;num_heads=4;num_layers=1,0.4512,0.5624,0.3343,0.7483,0.263,0.291,0.2249,0.3276
SASRec,Grocery_and_Gourmet_Food,0,default,test,SASRec__Grocery_and_Gourmet_Food__0__lr=0.001__l2=0__emb_size=64__num_layers=1__num_heads=4,log\SASRec\SASRec__Grocery_and_Gourmet_Food__0__lr=0.001__l2=0__emb_size=64__num_layers=1__num_heads=4.txt,emb_size=64;l2=0;lr=0.001;num_heads=4;num_layers=1,0.4058,0.5172,0.289,0.7033,0.2271,0.2552,0.1892,0.2919
SASRec,MovieLens_1M,0,default,dev,SASRec__MovieLens_1M__0__lr=0.001__l2=0__emb_size=64__num_layers=1__num_heads=4,log\SASRec\SASRec__MovieLens_1M__0__lr=0.001__l2=0__emb_size=64__num_layers=1__num_heads=4.txt,emb_size=64;l2=0;lr=0.001;num_heads=4;num_layers=1,0.7131,0.8552,0.5524,0.969,0.4477,0.484,0.3954,0.507
SASRec,MovieLens_1M,0,default,test,SASRec__MovieLens_1M__0__lr=0.001__l2=0__emb_size=64__num_layers=1__num_heads=4,log\SASRec\SASRec__MovieLens_1M__0__lr=0.001__l2=0__emb_size=64__num_layers=1__num_heads=4.txt,emb_size=64;l2=0;lr=0.001;num_heads=4;num_layers=1,0.6878,0.8273,0.5287,0.9579,0.4264,0.4618,0.375,0.4881
FuXiAlpha,Grocery_and_Gourmet_Food,0,pos1_time1_latent1_ssffn0,dev,FuXiAlpha__Grocery_and_Gourmet_Food__0__lr=0.001__l2=0__emb_size=64__num_layers=1__num_heads=4__fuxi_use_pos=1__fuxi_use_time=1__fuxi_use_latent=1__fuxi_single_stage_ffn=0__time_buckets=32__time_bucket_max=1000000__ff_hidden_size=256__attn_dropout=0.0,..\log\FuXiAlpha\FuXiAlpha__Grocery_and_Gourmet_Food__0__lr=0.001__l2=0__emb_size=64__num_layers=1__num_heads=4__fuxi_use_pos=1__fuxi_use_time=1__fuxi_use_latent=1__fuxi_single_stage_ffn=0__time_buckets=32__time_bucket_max=1000000__ff_hidden_size=256__attn_dropout=0.0.txt,attn_dropout=0.0;emb_size=64;ff_hidden_size=256;fuxi_single_stage_ffn=0;fuxi_use_latent=1;fuxi_use_pos=1;fuxi_use_time=1;l2=0;lr=0.001;num_heads=4;num_layers=1;time_bucket_max=1000000;time_buckets=32,0.4364,0.5494,0.3122,,0.25,0.2786,0.2097,
FuXiAlpha,Grocery_and_Gourmet_Food,0,pos1_time1_latent1_ssffn0,test,FuXiAlpha__Grocery_and_Gourmet_Food__0__lr=0.001__l2=0__emb_size=64__num_layers=1__num_heads=4__fuxi_use_pos=1__fuxi_use_time=1__fuxi_use_latent=1__fuxi_single_stage_ffn=0__time_buckets=32__time_bucket_max=1000000__ff_hidden_size=256__attn_dropout=0.0,..\log\FuXiAlpha\FuXiAlpha__Grocery_and_Gourmet_Food__0__lr=0.001__l2=0__emb_size=64__num_layers=1__num_heads=4__fuxi_use_pos=1__fuxi_use_time=1__fuxi_use_latent=1__fuxi_single_stage_ffn=0__time_buckets=32__time_bucket_max=1000000__ff_hidden_size=256__attn_dropout=0.0.txt,attn_dropout=0.0;emb_size=64;ff_hidden_size=256;fuxi_single_stage_ffn=0;fuxi_use_latent=1;fuxi_use_pos=1;fuxi_use_time=1;l2=0;lr=0.001;num_heads=4;num_layers=1;time_bucket_max=1000000;time_buckets=32,0.3895,0.505,0.2712,,0.2179,0.2471,0.1797,
FuXiAlpha,Grocery_and_Gourmet_Food,1,pos1_time1_latent1_ssffn0,dev,FuXiAlpha__Grocery_and_Gourmet_Food__1__lr=0.001__l2=0__emb_size=64__num_layers=1__num_heads=4__fuxi_use_pos=1__fuxi_use_time=1__fuxi_use_latent=1__fuxi_single_stage_ff__5c8ab3b40e,..\log\FuXiAlpha\FuXiAlpha__Grocery_and_Gourmet_Food__1__lr=0.001__l2=0__emb_size=64__num_layers=1__num_heads=4__fuxi_use_pos=1__fuxi_use_time=1__fuxi_use_latent=1__fuxi_single_stage_ff__5c8ab3b40e.txt,attn_dropout=0.0;emb_size=64;fuxi_single_stage_ffn=0;fuxi_use_latent=1;fuxi_use_pos=1;fuxi_use_time=1;l2=0;lr=0.001;num_heads=4;num_layers=1,0.4966,0.6124,0.385,,0.3077,0.3369,0.2715,
FuXiAlpha,Grocery_and_Gourmet_Food,1,pos1_time1_latent1_ssffn0,test,FuXiAlpha__Grocery_and_Gourmet_Food__1__lr=0.001__l2=0__emb_size=64__num_layers=1__num_heads=4__fuxi_use_pos=1__fuxi_use_time=1__fuxi_use_latent=1__fuxi_single_stage_ff__5c8ab3b40e,..\log\FuXiAlpha\FuXiAlpha__Grocery_and_Gourmet_Food__1__lr=0.001__l2=0__emb_size=64__num_layers=1__num_heads=4__fuxi_use_pos=1__fuxi_use_time=1__fuxi_use_latent=1__fuxi_single_stage_ff__5c8ab3b40e.txt,attn_dropout=0.0;emb_size=64;fuxi_single_stage_ffn=0;fuxi_use_latent=1;fuxi_use_pos=1;fuxi_use_time=1;l2=0;lr=0.001;num_heads=4;num_layers=1,0.4513,0.5679,0.3377,,0.2668,0.2961,0.2299,
FuXiAlpha,Grocery_and_Gourmet_Food,2,pos1_time1_latent1_ssffn0,dev,FuXiAlpha__Grocery_and_Gourmet_Food__2__lr=0.001__l2=0__emb_size=64__num_layers=1__num_heads=4__fuxi_use_pos=1__fuxi_use_time=1__fuxi_use_latent=1__fuxi_single_stage_ff__814bc65e9b,..\log\FuXiAlpha\FuXiAlpha__Grocery_and_Gourmet_Food__2__lr=0.001__l2=0__emb_size=64__num_layers=1__num_heads=4__fuxi_use_pos=1__fuxi_use_time=1__fuxi_use_latent=1__fuxi_single_stage_ff__814bc65e9b.txt,attn_dropout=0.0;emb_size=64;fuxi_single_stage_ffn=0;fuxi_use_latent=1;fuxi_use_pos=1;fuxi_use_time=1;l2=0;lr=0.001;num_heads=4;num_layers=1,0.4945,0.6149,0.3829,,0.3075,0.3379,0.2714,
FuXiAlpha,Grocery_and_Gourmet_Food,2,pos1_time1_latent1_ssffn0,test,FuXiAlpha__Grocery_and_Gourmet_Food__2__lr=0.001__l2=0__emb_size=64__num_layers=1__num_heads=4__fuxi_use_pos=1__fuxi_use_time=1__fuxi_use_latent=1__fuxi_single_stage_ff__814bc65e9b,..\log\FuXiAlpha\FuXiAlpha__Grocery_and_Gourmet_Food__2__lr=0.001__l2=0__emb_size=64__num_layers=1__num_heads=4__fuxi_use_pos=1__fuxi_use_time=1__fuxi_use_latent=1__fuxi_single_stage_ff__814bc65e9b.txt,attn_dropout=0.0;emb_size=64;fuxi_single_stage_ffn=0;fuxi_use_latent=1;fuxi_use_pos=1;fuxi_use_time=1;l2=0;lr=0.001;num_heads=4;num_layers=1,0.4503,0.5684,0.3355,,0.2686,0.2984,0.2313,
FuXiAlpha,Grocery_and_Gourmet_Food_grocery_ep50_h50_abla,0,pos1_time1_latent1_ssffn0_noams,dev,FuXiAlpha__Grocery_and_Gourmet_Food_grocery_ep50_h50_abla__0__lr=0.001__l2=0.0__emb_size=64__num_layers=1__num_heads=4__fuxi_use_ams=0__fuxi_use_pos=1__fuxi_use_time=1___44f038a88c,..\log\FuXiAlpha\FuXiAlpha__Grocery_and_Gourmet_Food_grocery_ep50_h50_abla__0__lr=0.001__l2=0.0__emb_size=64__num_layers=1__num_heads=4__fuxi_use_ams=0__fuxi_use_pos=1__fuxi_use_time=1___44f038a88c.txt,attn_dropout=0.0;emb_size=64;fuxi_single_stage_ffn=0;fuxi_use_ams=0;fuxi_use_latent=1;fuxi_use_pos=1;fuxi_use_time=1;l2=0.0;lr=0.001;num_heads=4;num_layers=1,0.4989,0.6216,0.3867,0.8211,0.3089,0.3397,0.2725,0.3791
FuXiAlpha,Grocery_and_Gourmet_Food_grocery_ep50_h50_abla,0,pos1_time1_latent1_ssffn0_noams,test,FuXiAlpha__Grocery_and_Gourmet_Food_grocery_ep50_h50_abla__0__lr=0.001__l2=0.0__emb_size=64__num_layers=1__num_heads=4__fuxi_use_ams=0__fuxi_use_pos=1__fuxi_use_time=1___44f038a88c,..\log\FuXiAlpha\FuXiAlpha__Grocery_and_Gourmet_Food_grocery_ep50_h50_abla__0__lr=0.001__l2=0.0__emb_size=64__num_layers=1__num_heads=4__fuxi_use_ams=0__fuxi_use_pos=1__fuxi_use_time=1___44f038a88c.txt,attn_dropout=0.0;emb_size=64;fuxi_single_stage_ffn=0;fuxi_use_ams=0;fuxi_use_latent=1;fuxi_use_pos=1;fuxi_use_time=1;l2=0.0;lr=0.001;num_heads=4;num_layers=1,0.4502,0.5762,0.3427,0.7912,0.2726,0.3043,0.2377,0.3468
FuXiAlpha,Grocery_and_Gourmet_Food_grocery_ep50_h50_abla,0,pos0_time1_latent1_ssffn0,dev,FuXiAlpha__Grocery_and_Gourmet_Food_grocery_ep50_h50_abla__0__lr=0.001__l2=0.0__emb_size=64__num_layers=1__num_heads=4__fuxi_use_pos=0__fuxi_use_time=1__fuxi_use_latent__bc7e40c9e0,..\log\FuXiAlpha\FuXiAlpha__Grocery_and_Gourmet_Food_grocery_ep50_h50_abla__0__lr=0.001__l2=0.0__emb_size=64__num_layers=1__num_heads=4__fuxi_use_pos=0__fuxi_use_time=1__fuxi_use_latent__bc7e40c9e0.txt,attn_dropout=0.1;emb_size=64;fuxi_single_stage_ffn=0;fuxi_use_latent=1;fuxi_use_pos=0;fuxi_use_time=1;l2=0.0;lr=0.001;num_heads=4;num_layers=1,0.5094,0.6299,0.4039,0.8276,0.3265,0.3568,0.2923,0.3959
FuXiAlpha,Grocery_and_Gourmet_Food_grocery_ep50_h50_abla,0,pos0_time1_latent1_ssffn0,test,FuXiAlpha__Grocery_and_Gourmet_Food_grocery_ep50_h50_abla__0__lr=0.001__l2=0.0__emb_size=64__num_layers=1__num_heads=4__fuxi_use_pos=0__fuxi_use_time=1__fuxi_use_latent__bc7e40c9e0,..\log\FuXiAlpha\FuXiAlpha__Grocery_and_Gourmet_Food_grocery_ep50_h50_abla__0__lr=0.001__l2=0.0__emb_size=64__num_layers=1__num_heads=4__fuxi_use_pos=0__fuxi_use_time=1__fuxi_use_latent__bc7e40c9e0.txt,attn_dropout=0.1;emb_size=64;fuxi_single_stage_ffn=0;fuxi_use_latent=1;fuxi_use_pos=0;fuxi_use_time=1;l2=0.0;lr=0.001;num_heads=4;num_layers=1,0.4669,0.5859,0.3631,0.8003,0.2899,0.3199,0.2563,0.3624
FuXiAlpha,Grocery_and_Gourmet_Food_grocery_ep50_h50_abla,0,pos1_time0_latent1_ssffn0,dev,FuXiAlpha__Grocery_and_Gourmet_Food_grocery_ep50_h50_abla__0__lr=0.001__l2=0.0__emb_size=64__num_layers=1__num_heads=4__fuxi_use_pos=1__fuxi_use_time=0__fuxi_use_latent__4d0bf82914,..\log\FuXiAlpha\FuXiAlpha__Grocery_and_Gourmet_Food_grocery_ep50_h50_abla__0__lr=0.001__l2=0.0__emb_size=64__num_layers=1__num_heads=4__fuxi_use_pos=1__fuxi_use_time=0__fuxi_use_latent__4d0bf82914.txt,attn_dropout=0.1;emb_size=64;fuxi_single_stage_ffn=0;fuxi_use_latent=1;fuxi_use_pos=1;fuxi_use_time=0;l2=0.0;lr=0.001;num_heads=4;num_layers=1,0.5034,0.6316,0.4034,0.8303,0.3316,0.3639,0.2993,0.4032
FuXiAlpha,Grocery_and_Gourmet_Food_grocery_ep50_h50_abla,0,pos1_time0_latent1_ssffn0,test,FuXiAlpha__Grocery_and_Gourmet_Food_grocery_ep50_h50_abla__0__lr=0.001__l2=0.0__emb_size=64__num_layers=1__num_heads=4__fuxi_use_pos=1__fuxi_use_time=0__fuxi_use_latent__4d0bf82914,..\log\FuXiAlpha\FuXiAlpha__Grocery_and_Gourmet_Food_grocery_ep50_h50_abla__0__lr=0.001__l2=0.0__emb_size=64__num_layers=1__num_heads=4__fuxi_use_pos=1__fuxi_use_time=0__fuxi_use_latent__4d0bf82914.txt,attn_dropout=0.1;emb_size=64;fuxi_single_stage_ffn=0;fuxi_use_latent=1;fuxi_use_pos=1;fuxi_use_time=0;l2=0.0;lr=0.001;num_heads=4;num_layers=1,0.4677,0.59,0.367,0.8052,0.2978,0.3286,0.2653,0.3711
FuXiAlpha,Grocery_and_Gourmet_Food_grocery_ep50_h50_abla,0,pos1_time1_latent1_ssffn1,dev,FuXiAlpha__Grocery_and_Gourmet_Food_grocery_ep50_h50_abla__0__lr=0.001__l2=0.0__emb_size=64__num_layers=1__num_heads=4__fuxi_use_pos=1__fuxi_use_time=1__fuxi_use_latent__1e9ed8cf82,..\log\FuXiAlpha\FuXiAlpha__Grocery_and_Gourmet_Food_grocery_ep50_h50_abla__0__lr=0.001__l2=0.0__emb_size=64__num_layers=1__num_heads=4__fuxi_use_pos=1__fuxi_use_time=1__fuxi_use_latent__1e9ed8cf82.txt,attn_dropout=0.1;emb_size=64;fuxi_single_stage_ffn=1;fuxi_use_latent=1;fuxi_use_pos=1;fuxi_use_time=1;l2=0.0;lr=0.001;num_heads=4;num_layers=1,0.5062,0.6227,0.397,0.8269,0.3234,0.3528,0.2881,0.3933
FuXiAlpha,Grocery_and_Gourmet_Food_grocery_ep50_h50_abla,0,pos1_time1_latent1_ssffn1,test,FuXiAlpha__Grocery_and_Gourmet_Food_grocery_ep50_h50_abla__0__lr=0.001__l2=0.0__emb_size=64__num_layers=1__num_heads=4__fuxi_use_pos=1__fuxi_use_time=1__fuxi_use_latent__1e9ed8cf82,..\log\FuXiAlpha\FuXiAlpha__Grocery_and_Gourmet_Food_grocery_ep50_h50_abla__0__lr=0.001__l2=0.0__emb_size=64__num_layers=1__num_heads=4__fuxi_use_pos=1__fuxi_use_time=1__fuxi_use_latent__1e9ed8cf82.txt,attn_dropout=0.1;emb_size=64;fuxi_single_stage_ffn=1;fuxi_use_latent=1;fuxi_use_pos=1;fuxi_use_time=1;l2=0.0;lr=0.001;num_heads=4;num_layers=1,0.4615,0.5865,0.3532,0.8025,0.2829,0.3143,0.2478,0.3571
FuXiAlpha,Grocery_and_Gourmet_Food_grocery_ep50_h50_abla,0,pos1_time1_latent1_ssffn0,dev,FuXiAlpha__Grocery_and_Gourmet_Food_grocery_ep50_h50_abla__0__lr=0.001__l2=0.0__emb_size=64__num_layers=1__num_heads=4__fuxi_use_pos=1__fuxi_use_time=1__fuxi_use_latent__77ad9d98c8,..\log\FuXiAlpha\FuXiAlpha__Grocery_and_Gourmet_Food_grocery_ep50_h50_abla__0__lr=0.001__l2=0.0__emb_size=64__num_layers=1__num_heads=4__fuxi_use_pos=1__fuxi_use_time=1__fuxi_use_latent__77ad9d98c8.txt,attn_dropout=0.1;emb_size=64;fuxi_single_stage_ffn=0;fuxi_use_latent=1;fuxi_use_pos=1;fuxi_use_time=1;l2=0.0;lr=0.001;num_heads=4;num_layers=1,0.5052,0.6283,0.3955,0.8273,0.3191,0.3501,0.2837,0.3895
FuXiAlpha,Grocery_and_Gourmet_Food_grocery_ep50_h50_abla,0,pos1_time1_latent1_ssffn0,test,FuXiAlpha__Grocery_and_Gourmet_Food_grocery_ep50_h50_abla__0__lr=0.001__l2=0.0__emb_size=64__num_layers=1__num_heads=4__fuxi_use_pos=1__fuxi_use_time=1__fuxi_use_latent__77ad9d98c8,..\log\FuXiAlpha\FuXiAlpha__Grocery_and_Gourmet_Food_grocery_ep50_h50_abla__0__lr=0.001__l2=0.0__emb_size=64__num_layers=1__num_heads=4__fuxi_use_pos=1__fuxi_use_time=1__fuxi_use_latent__77ad9d98c8.txt,attn_dropout=0.1;emb_size=64;fuxi_single_stage_ffn=0;fuxi_use_latent=1;fuxi_use_pos=1;fuxi_use_time=1;l2=0.0;lr=0.001;num_heads=4;num_layers=1,0.4648,0.5949,0.3531,0.8007,0.2838,0.3166,0.2477,0.3575
FuXiAlpha,Grocery_and_Gourmet_Food_grocery_ep50_h50_abla,1,pos0_time1_latent1_ssffn0,dev,FuXiAlpha__Grocery_and_Gourmet_Food_grocery_ep50_h50_abla__1__lr=0.001__l2=0.0__emb_size=64__num_layers=1__num_heads=4__fuxi_use_pos=0__fuxi_use_time=1__fuxi_use_latent__9795b1a150,..\log\FuXiAlpha\FuXiAlpha__Grocery_and_Gourmet_Food_grocery_ep50_h50_abla__1__lr=0.001__l2=0.0__emb_size=64__num_layers=1__num_heads=4__fuxi_use_pos=0__fuxi_use_time=1__fuxi_use_latent__9795b1a150.txt,attn_dropout=0.1;emb_size=64;fuxi_single_stage_ffn=0;fuxi_use_latent=1;fuxi_use_pos=0;fuxi_use_time=1;l2=0.0;lr=0.001;num_heads=4;num_layers=1,0.5079,0.6275,0.4013,0.8288,0.3214,0.3515,0.2869,0.3915
FuXiAlpha,Grocery_and_Gourmet_Food_grocery_ep50_h50_abla,1,pos0_time1_latent1_ssffn0,test,FuXiAlpha__Grocery_and_Gourmet_Food_grocery_ep50_h50_abla__1__lr=0.001__l2=0.0__emb_size=64__num_layers=1__num_heads=4__fuxi_use_pos=0__fuxi_use_time=1__fuxi_use_latent__9795b1a150,..\log\FuXiAlpha\FuXiAlpha__Grocery_and_Gourmet_Food_grocery_ep50_h50_abla__1__lr=0.001__l2=0.0__emb_size=64__num_layers=1__num_heads=4__fuxi_use_pos=0__fuxi_use_time=1__fuxi_use_latent__9795b1a150.txt,attn_dropout=0.1;emb_size=64;fuxi_single_stage_ffn=0;fuxi_use_latent=1;fuxi_use_pos=0;fuxi_use_time=1;l2=0.0;lr=0.001;num_heads=4;num_layers=1,0.4614,0.5871,0.356,0.8042,0.2834,0.3151,0.2494,0.3581
FuXiAlpha,Grocery_and_Gourmet_Food_grocery_ep50_h50_abla,1,pos1_time0_latent1_ssffn0,dev,FuXiAlpha__Grocery_and_Gourmet_Food_grocery_ep50_h50_abla__1__lr=0.001__l2=0.0__emb_size=64__num_layers=1__num_heads=4__fuxi_use_pos=1__fuxi_use_time=0__fuxi_use_latent__1aa670cd28,..\log\FuXiAlpha\FuXiAlpha__Grocery_and_Gourmet_Food_grocery_ep50_h50_abla__1__lr=0.001__l2=0.0__emb_size=64__num_layers=1__num_heads=4__fuxi_use_pos=1__fuxi_use_time=0__fuxi_use_latent__1aa670cd28.txt,attn_dropout=0.1;emb_size=64;fuxi_single_stage_ffn=0;fuxi_use_latent=1;fuxi_use_pos=1;fuxi_use_time=0;l2=0.0;lr=0.001;num_heads=4;num_layers=1,0.5062,0.6249,0.3951,0.826,0.3161,0.3459,0.2801,0.3858
FuXiAlpha,Grocery_and_Gourmet_Food_grocery_ep50_h50_abla,1,pos1_time0_latent1_ssffn0,test,FuXiAlpha__Grocery_and_Gourmet_Food_grocery_ep50_h50_abla__1__lr=0.001__l2=0.0__emb_size=64__num_layers=1__num_heads=4__fuxi_use_pos=1__fuxi_use_time=0__fuxi_use_latent__1aa670cd28,..\log\FuXiAlpha\FuXiAlpha__Grocery_and_Gourmet_Food_grocery_ep50_h50_abla__1__lr=0.001__l2=0.0__emb_size=64__num_layers=1__num_heads=4__fuxi_use_pos=1__fuxi_use_time=0__fuxi_use_latent__1aa670cd28.txt,attn_dropout=0.1;emb_size=64;fuxi_single_stage_ffn=0;fuxi_use_latent=1;fuxi_use_pos=1;fuxi_use_time=0;l2=0.0;lr=0.001;num_heads=4;num_layers=1,0.4611,0.5869,0.3483,0.8034,0.2757,0.3074,0.2392,0.3503
FuXiAlpha,Grocery_and_Gourmet_Food_grocery_ep50_h50_abla,1,pos1_time1_latent1_ssffn1,dev,FuXiAlpha__Grocery_and_Gourmet_Food_grocery_ep50_h50_abla__1__lr=0.001__l2=0.0__emb_size=64__num_layers=1__num_heads=4__fuxi_use_pos=1__fuxi_use_time=1__fuxi_use_latent__40d7e3f864,..\log\FuXiAlpha\FuXiAlpha__Grocery_and_Gourmet_Food_grocery_ep50_h50_abla__1__lr=0.001__l2=0.0__emb_size=64__num_layers=1__num_heads=4__fuxi_use_pos=1__fuxi_use_time=1__fuxi_use_latent__40d7e3f864.txt,attn_dropout=0.1;emb_size=64;fuxi_single_stage_ffn=1;fuxi_use_latent=1;fuxi_use_pos=1;fuxi_use_time=1;l2=0.0;lr=0.001;num_heads=4;num_layers=1,0.5107,0.6342,0.4065,0.8331,0.3317,0.3628,0.2981,0.4022
FuXiAlpha,Grocery_and_Gourmet_Food_grocery_ep50_h50_abla,1,pos1_time1_latent1_ssffn1,test,FuXiAlpha__Grocery_and_Gourmet_Food_grocery_ep50_h50_abla__1__lr=0.001__l2=0.0__emb_size=64__num_layers=1__num_heads=4__fuxi_use_pos=1__fuxi_use_time=1__fuxi_use_latent__40d7e3f864,..\log\FuXiAlpha\FuXiAlpha__Grocery_and_Gourmet_Food_grocery_ep50_h50_abla__1__lr=0.001__l2=0.0__emb_size=64__num_layers=1__num_heads=4__fuxi_use_pos=1__fuxi_use_time=1__fuxi_use_latent__40d7e3f864.txt,attn_dropout=0.1;emb_size=64;fuxi_single_stage_ffn=1;fuxi_use_latent=1;fuxi_use_pos=1;fuxi_use_time=1;l2=0.0;lr=0.001;num_heads=4;num_layers=1,0.4733,0.6001,0.37,0.811,0.2964,0.3282,0.2629,0.3699
FuXiAlpha,Grocery_and_Gourmet_Food_grocery_ep50_h50_abla,1,pos1_time1_latent1_ssffn0,dev,FuXiAlpha__Grocery_and_Gourmet_Food_grocery_ep50_h50_abla__1__lr=0.001__l2=0.0__emb_size=64__num_layers=1__num_heads=4__fuxi_use_pos=1__fuxi_use_time=1__fuxi_use_latent__4e91eba1d6,..\log\FuXiAlpha\FuXiAlpha__Grocery_and_Gourmet_Food_grocery_ep50_h50_abla__1__lr=0.001__l2=0.0__emb_size=64__num_layers=1__num_heads=4__fuxi_use_pos=1__fuxi_use_time=1__fuxi_use_latent__4e91eba1d6.txt,attn_dropout=0.1;emb_size=64;fuxi_single_stage_ffn=0;fuxi_use_latent=1;fuxi_use_pos=1;fuxi_use_time=1;l2=0.0;lr=0.001;num_heads=4;num_layers=1,0.5095,0.6319,0.4047,0.8347,0.3283,0.3591,0.2944,0.3994
FuXiAlpha,Grocery_and_Gourmet_Food_grocery_ep50_h50_abla,1,pos1_time1_latent1_ssffn0,test,FuXiAlpha__Grocery_and_Gourmet_Food_grocery_ep50_h50_abla__1__lr=0.001__l2=0.0__emb_size=64__num_layers=1__num_heads=4__fuxi_use_pos=1__fuxi_use_time=1__fuxi_use_latent__4e91eba1d6,..\log\FuXiAlpha\FuXiAlpha__Grocery_and_Gourmet_Food_grocery_ep50_h50_abla__1__lr=0.001__l2=0.0__emb_size=64__num_layers=1__num_heads=4__fuxi_use_pos=1__fuxi_use_time=1__fuxi_use_latent__4e91eba1d6.txt,attn_dropout=0.1;emb_size=64;fuxi_single_stage_ffn=0;fuxi_use_latent=1;fuxi_use_pos=1;fuxi_use_time=1;l2=0.0;lr=0.001;num_heads=4;num_layers=1,0.4745,0.5948,0.3673,0.8098,0.2953,0.3256,0.2606,0.3682
FuXiAlpha,Grocery_and_Gourmet_Food_grocery_ep50_h50_abla,2,pos0_time1_latent1_ssffn0,dev,FuXiAlpha__Grocery_and_Gourmet_Food_grocery_ep50_h50_abla__2__lr=0.001__l2=0.0__emb_size=64__num_layers=1__num_heads=4__fuxi_use_pos=0__fuxi_use_time=1__fuxi_use_latent__ee9cee910e,..\log\FuXiAlpha\FuXiAlpha__Grocery_and_Gourmet_Food_grocery_ep50_h50_abla__2__lr=0.001__l2=0.0__emb_size=64__num_layers=1__num_heads=4__fuxi_use_pos=0__fuxi_use_time=1__fuxi_use_latent__ee9cee910e.txt,attn_dropout=0.1;emb_size=64;fuxi_single_stage_ffn=0;fuxi_use_latent=1;fuxi_use_pos=0;fuxi_use_time=1;l2=0.0;lr=0.001;num_heads=4;num_layers=1,0.4964,0.6151,0.3913,0.814,0.3092,0.3392,0.2751,0.3785
FuXiAlpha,Grocery_and_Gourmet_Food_grocery_ep50_h50_abla,2,pos0_time1_latent1_ssffn0,test,FuXiAlpha__Grocery_and_Gourmet_Food_grocery_ep50_h50_abla__2__lr=0.001__l2=0.0__emb_size=64__num_layers=1__num_heads=4__fuxi_use_pos=0__fuxi_use_time=1__fuxi_use_latent__ee9cee910e,..\log\FuXiAlpha\FuXiAlpha__Grocery_and_Gourmet_Food_grocery_ep50_h50_abla__2__lr=0.001__l2=0.0__emb_size=64__num_layers=1__num_heads=4__fuxi_use_pos=0__fuxi_use_time=1__fuxi_use_latent__ee9cee910e.txt,attn_dropout=0.1;emb_size=64;fuxi_single_stage_ffn=0;fuxi_use_latent=1;fuxi_use_pos=0;fuxi_use_time=1;l2=0.0;lr=0.001;num_heads=4;num_layers=1,0.4525,0.574,0.3462,0.7915,0.2722,0.3028,0.2378,0.3458
FuXiAlpha,Grocery_and_Gourmet_Food_grocery_ep50_h50_abla,2,pos1_time0_latent1_ssffn0,dev,FuXiAlpha__Grocery_and_Gourmet_Food_grocery_ep50_h50_abla__2__lr=0.001__l2=0.0__emb_size=64__num_layers=1__num_heads=4__fuxi_use_pos=1__fuxi_use_time=0__fuxi_use_latent__278b72ba2b,..\log\FuXiAlpha\FuXiAlpha__Grocery_and_Gourmet_Food_grocery_ep50_h50_abla__2__lr=0.001__l2=0.0__emb_size=64__num_layers=1__num_heads=4__fuxi_use_pos=1__fuxi_use_time=0__fuxi_use_latent__278b72ba2b.txt,attn_dropout=0.1;emb_size=64;fuxi_single_stage_ffn=0;fuxi_use_latent=1;fuxi_use_pos=1;fuxi_use_time=0;l2=0.0;lr=0.001;num_heads=4;num_layers=1,0.4968,0.6148,0.386,0.8184,0.3094,0.3392,0.2735,0.3795
FuXiAlpha,Grocery_and_Gourmet_Food_grocery_ep50_h50_abla,2,pos1_time0_latent1_ssffn0,test,FuXiAlpha__Grocery_and_Gourmet_Food_grocery_ep50_h50_abla__2__lr=0.001__l2=0.0__emb_size=64__num_layers=1__num_heads=4__fuxi_use_pos=1__fuxi_use_time=0__fuxi_use_latent__278b72ba2b,..\log\FuXiAlpha\FuXiAlpha__Grocery_and_Gourmet_Food_grocery_ep50_h50_abla__2__lr=0.001__l2=0.0__emb_size=64__num_layers=1__num_heads=4__fuxi_use_pos=1__fuxi_use_time=0__fuxi_use_latent__278b72ba2b.txt,attn_dropout=0.1;emb_size=64;fuxi_single_stage_ffn=0;fuxi_use_latent=1;fuxi_use_pos=1;fuxi_use_time=0;l2=0.0;lr=0.001;num_heads=4;num_layers=1,0.4586,0.5818,0.3469,0.7927,0.2748,0.3057,0.2385,0.3474
FuXiAlpha,Grocery_and_Gourmet_Food_grocery_ep50_h50_abla,2,pos1_time1_latent1_ssffn1,dev,FuXiAlpha__Grocery_and_Gourmet_Food_grocery_ep50_h50_abla__2__lr=0.001__l2=0.0__emb_size=64__num_layers=1__num_heads=4__fuxi_use_pos=1__fuxi_use_time=1__fuxi_use_latent__112dd8339c,..\log\FuXiAlpha\FuXiAlpha__Grocery_and_Gourmet_Food_grocery_ep50_h50_abla__2__lr=0.001__l2=0.0__emb_size=64__num_layers=1__num_heads=4__fuxi_use_pos=1__fuxi_use_time=1__fuxi_use_latent__112dd8339c.txt,attn_dropout=0.1;emb_size=64;fuxi_single_stage_ffn=1;fuxi_use_latent=1;fuxi_use_pos=1;fuxi_use_time=1;l2=0.0;lr=0.001;num_heads=4;num_layers=1,0.5082,0.6256,0.4062,0.8222,0.3271,0.3568,0.2942,0.3957
FuXiAlpha,Grocery_and_Gourmet_Food_grocery_ep50_h50_abla,2,pos1_time1_latent1_ssffn1,test,FuXiAlpha__Grocery_and_Gourmet_Food_grocery_ep50_h50_abla__2__lr=0.001__l2=0.0__emb_size=64__num_layers=1__num_heads=4__fuxi_use_pos=1__fuxi_use_time=1__fuxi_use_latent__112dd8339c,..\log\FuXiAlpha\FuXiAlpha__Grocery_and_Gourmet_Food_grocery_ep50_h50_abla__2__lr=0.001__l2=0.0__emb_size=64__num_layers=1__num_heads=4__fuxi_use_pos=1__fuxi_use_time=1__fuxi_use_latent__112dd8339c.txt,attn_dropout=0.1;emb_size=64;fuxi_single_stage_ffn=1;fuxi_use_latent=1;fuxi_use_pos=1;fuxi_use_time=1;l2=0.0;lr=0.001;num_heads=4;num_layers=1,0.4684,0.5875,0.3581,0.7963,0.2887,0.3188,0.2529,0.36
FuXiAlpha,Grocery_and_Gourmet_Food_grocery_ep50_h50_abla,2,pos1_time1_latent1_ssffn0,dev,FuXiAlpha__Grocery_and_Gourmet_Food_grocery_ep50_h50_abla__2__lr=0.001__l2=0.0__emb_size=64__num_layers=1__num_heads=4__fuxi_use_pos=1__fuxi_use_time=1__fuxi_use_latent__c343e6d002,..\log\FuXiAlpha\FuXiAlpha__Grocery_and_Gourmet_Food_grocery_ep50_h50_abla__2__lr=0.001__l2=0.0__emb_size=64__num_layers=1__num_heads=4__fuxi_use_pos=1__fuxi_use_time=1__fuxi_use_latent__c343e6d002.txt,attn_dropout=0.1;emb_size=64;fuxi_single_stage_ffn=0;fuxi_use_latent=1;fuxi_use_pos=1;fuxi_use_time=1;l2=0.0;lr=0.001;num_heads=4;num_layers=1,0.5066,0.6314,0.393,0.8255,0.3149,0.3462,0.278,0.3845
FuXiAlpha,Grocery_and_Gourmet_Food_grocery_ep50_h50_abla,2,pos1_time1_latent1_ssffn0,test,FuXiAlpha__Grocery_and_Gourmet_Food_grocery_ep50_h50_abla__2__lr=0.001__l2=0.0__emb_size=64__num_layers=1__num_heads=4__fuxi_use_pos=1__fuxi_use_time=1__fuxi_use_latent__c343e6d002,..\log\FuXiAlpha\FuXiAlpha__Grocery_and_Gourmet_Food_grocery_ep50_h50_abla__2__lr=0.001__l2=0.0__emb_size=64__num_layers=1__num_heads=4__fuxi_use_pos=1__fuxi_use_time=1__fuxi_use_latent__c343e6d002.txt,attn_dropout=0.1;emb_size=64;fuxi_single_stage_ffn=0;fuxi_use_latent=1;fuxi_use_pos=1;fuxi_use_time=1;l2=0.0;lr=0.001;num_heads=4;num_layers=1,0.468,0.5861,0.358,0.7984,0.2796,0.3094,0.244,0.3515
FuXiAlpha,Grocery_and_Gourmet_Food_grocery_ep50_h50_cmp,0,pos1_time1_latent1_ssffn0,dev,FuXiAlpha__Grocery_and_Gourmet_Food_grocery_ep50_h50_cmp__0__lr=0.001__l2=0__emb_size=64__num_layers=1__num_heads=4__fuxi_use_pos=1__fuxi_use_time=1__fuxi_use_latent=1___93b405dc9c,..\log\FuXiAlpha\FuXiAlpha__Grocery_and_Gourmet_Food_grocery_ep50_h50_cmp__0__lr=0.001__l2=0__emb_size=64__num_layers=1__num_heads=4__fuxi_use_pos=1__fuxi_use_time=1__fuxi_use_latent=1___93b405dc9c.txt,attn_dropout=0.1;emb_size=64;fuxi_single_stage_ffn=0;fuxi_use_latent=1;fuxi_use_pos=1;fuxi_use_time=1;l2=0;lr=0.001;num_heads=4;num_layers=1,0.5052,0.6283,0.3955,,0.3191,0.3501,0.2837,
FuXiAlpha,Grocery_and_Gourmet_Food_grocery_ep50_h50_cmp,0,pos1_time1_latent1_ssffn0,test,FuXiAlpha__Grocery_and_Gourmet_Food_grocery_ep50_h50_cmp__0__lr=0.001__l2=0__emb_size=64__num_layers=1__num_heads=4__fuxi_use_pos=1__fuxi_use_time=1__fuxi_use_latent=1___93b405dc9c,..\log\FuXiAlpha\FuXiAlpha__Grocery_and_Gourmet_Food_grocery_ep50_h50_cmp__0__lr=0.001__l2=0__emb_size=64__num_layers=1__num_heads=4__fuxi_use_pos=1__fuxi_use_time=1__fuxi_use_latent=1___93b405dc9c.txt,attn_dropout=0.1;emb_size=64;fuxi_single_stage_ffn=0;fuxi_use_latent=1;fuxi_use_pos=1;fuxi_use_time=1;l2=0;lr=0.001;num_heads=4;num_layers=1,0.4648,0.5949,0.3531,,0.2838,0.3166,0.2477,
FuXiAlpha,Grocery_and_Gourmet_Food_grocery_ep50_h50_cmp,1,pos1_time1_latent1_ssffn0,dev,FuXiAlpha__Grocery_and_Gourmet_Food_grocery_ep50_h50_cmp__1__lr=0.001__l2=0__emb_size=64__num_layers=1__num_heads=4__fuxi_use_pos=1__fuxi_use_time=1__fuxi_use_latent=1___f8a3ae157c,..\log\FuXiAlpha\FuXiAlpha__Grocery_and_Gourmet_Food_grocery_ep50_h50_cmp__1__lr=0.001__l2=0__emb_size=64__num_layers=1__num_heads=4__fuxi_use_pos=1__fuxi_use_time=1__fuxi_use_latent=1___f8a3ae157c.txt,attn_dropout=0.1;emb_size=64;fuxi_single_stage_ffn=0;fuxi_use_latent=1;fuxi_use_pos=1;fuxi_use_time=1;l2=0;lr=0.001;num_heads=4;num_layers=1,0.5095,0.6319,0.4047,,0.3283,0.3591,0.2944,
FuXiAlpha,Grocery_and_Gourmet_Food_grocery_ep50_h50_cmp,1,pos1_time1_latent1_ssffn0,test,FuXiAlpha__Grocery_and_Gourmet_Food_grocery_ep50_h50_cmp__1__lr=0.001__l2=0__emb_size=64__num_layers=1__num_heads=4__fuxi_use_pos=1__fuxi_use_time=1__fuxi_use_latent=1___f8a3ae157c,..\log\FuXiAlpha\FuXiAlpha__Grocery_and_Gourmet_Food_grocery_ep50_h50_cmp__1__lr=0.001__l2=0__emb_size=64__num_layers=1__num_heads=4__fuxi_use_pos=1__fuxi_use_time=1__fuxi_use_latent=1___f8a3ae157c.txt,attn_dropout=0.1;emb_size=64;fuxi_single_stage_ffn=0;fuxi_use_latent=1;fuxi_use_pos=1;fuxi_use_time=1;l2=0;lr=0.001;num_heads=4;num_layers=1,0.4745,0.5948,0.3673,,0.2953,0.3256,0.2606,
FuXiAlpha,Grocery_and_Gourmet_Food_grocery_ep50_h50_cmp,2,pos1_time1_latent1_ssffn0,dev,FuXiAlpha__Grocery_and_Gourmet_Food_grocery_ep50_h50_cmp__2__lr=0.001__l2=0__emb_size=64__num_layers=1__num_heads=4__fuxi_use_pos=1__fuxi_use_time=1__fuxi_use_latent=1___8271ce0b5f,..\log\FuXiAlpha\FuXiAlpha__Grocery_and_Gourmet_Food_grocery_ep50_h50_cmp__2__lr=0.001__l2=0__emb_size=64__num_layers=1__num_heads=4__fuxi_use_pos=1__fuxi_use_time=1__fuxi_use_latent=1___8271ce0b5f.txt,attn_dropout=0.1;emb_size=64;fuxi_single_stage_ffn=0;fuxi_use_latent=1;fuxi_use_pos=1;fuxi_use_time=1;l2=0;lr=0.001;num_heads=4;num_layers=1,0.5066,0.6314,0.393,,0.3149,0.3462,0.278,
FuXiAlpha,Grocery_and_Gourmet_Food_grocery_ep50_h50_cmp,2,pos1_time1_latent1_ssffn0,test,FuXiAlpha__Grocery_and_Gourmet_Food_grocery_ep50_h50_cmp__2__lr=0.001__l2=0__emb_size=64__num_layers=1__num_heads=4__fuxi_use_pos=1__fuxi_use_time=1__fuxi_use_latent=1___8271ce0b5f,..\log\FuXiAlpha\FuXiAlpha__Grocery_and_Gourmet_Food_grocery_ep50_h50_cmp__2__lr=0.001__l2=0__emb_size=64__num_layers=1__num_heads=4__fuxi_use_pos=1__fuxi_use_time=1__fuxi_use_latent=1___8271ce0b5f.txt,attn_dropout=0.1;emb_size=64;fuxi_single_stage_ffn=0;fuxi_use_latent=1;fuxi_use_pos=1;fuxi_use_time=1;l2=0;lr=0.001;num_heads=4;num_layers=1,0.468,0.5861,0.358,,0.2796,0.3094,0.244,
FuXiAlpha,Grocery_and_Gourmet_Food_grocery_sweep_h50_ep30_v2,0,pos1_time1_latent1_ssffn0,dev,FuXiAlpha__Grocery_and_Gourmet_Food_grocery_sweep_h50_ep30_v2__0__lr=0.0005__l2=0__emb_size=64__num_layers=1__num_heads=4__fuxi_use_pos=1__fuxi_use_time=1__fuxi_use_lat__1a9cd23b4f,..\log\FuXiAlpha\FuXiAlpha__Grocery_and_Gourmet_Food_grocery_sweep_h50_ep30_v2__0__lr=0.0005__l2=0__emb_size=64__num_layers=1__num_heads=4__fuxi_use_pos=1__fuxi_use_time=1__fuxi_use_lat__1a9cd23b4f.txt,attn_dropout=0.1;emb_size=64;fuxi_single_stage_ffn=0;fuxi_use_latent=1;fuxi_use_pos=1;fuxi_use_time=1;l2=0;lr=0.0005;num_heads=4;num_layers=1,0.4971,0.6143,0.3904,,0.31,0.3395,0.2755,
FuXiAlpha,Grocery_and_Gourmet_Food_grocery_sweep_h50_ep30_v2,0,pos1_time1_latent1_ssffn0,test,FuXiAlpha__Grocery_and_Gourmet_Food_grocery_sweep_h50_ep30_v2__0__lr=0.0005__l2=0__emb_size=64__num_layers=1__num_heads=4__fuxi_use_pos=1__fuxi_use_time=1__fuxi_use_lat__1a9cd23b4f,..\log\FuXiAlpha\FuXiAlpha__Grocery_and_Gourmet_Food_grocery_sweep_h50_ep30_v2__0__lr=0.0005__l2=0__emb_size=64__num_layers=1__num_heads=4__fuxi_use_pos=1__fuxi_use_time=1__fuxi_use_lat__1a9cd23b4f.txt,attn_dropout=0.1;emb_size=64;fuxi_single_stage_ffn=0;fuxi_use_latent=1;fuxi_use_pos=1;fuxi_use_time=1;l2=0;lr=0.0005;num_heads=4;num_layers=1,0.4591,0.5807,0.3488,,0.2751,0.3057,0.2393,
FuXiAlpha,Grocery_and_Gourmet_Food_grocery_sweep_h50_ep30_v2,0,pos1_time1_latent1_ssffn0,dev,FuXiAlpha__Grocery_and_Gourmet_Food_grocery_sweep_h50_ep30_v2__0__lr=0.0005__l2=0__emb_size=64__num_layers=1__num_heads=4__fuxi_use_pos=1__fuxi_use_time=1__fuxi_use_lat__34b8c88391,..\log\FuXiAlpha\FuXiAlpha__Grocery_and_Gourmet_Food_grocery_sweep_h50_ep30_v2__0__lr=0.0005__l2=0__emb_size=64__num_layers=1__num_heads=4__fuxi_use_pos=1__fuxi_use_time=1__fuxi_use_lat__34b8c88391.txt,attn_dropout=0.0;emb_size=64;fuxi_single_stage_ffn=0;fuxi_use_latent=1;fuxi_use_pos=1;fuxi_use_time=1;l2=0;lr=0.0005;num_heads=4;num_layers=1,0.4923,0.6113,0.3896,,0.3152,0.345,0.2819,
FuXiAlpha,Grocery_and_Gourmet_Food_grocery_sweep_h50_ep30_v2,0,pos1_time1_latent1_ssffn0,test,FuXiAlpha__Grocery_and_Gourmet_Food_grocery_sweep_h50_ep30_v2__0__lr=0.0005__l2=0__emb_size=64__num_layers=1__num_heads=4__fuxi_use_pos=1__fuxi_use_time=1__fuxi_use_lat__34b8c88391,..\log\FuXiAlpha\FuXiAlpha__Grocery_and_Gourmet_Food_grocery_sweep_h50_ep30_v2__0__lr=0.0005__l2=0__emb_size=64__num_layers=1__num_heads=4__fuxi_use_pos=1__fuxi_use_time=1__fuxi_use_lat__34b8c88391.txt,attn_dropout=0.0;emb_size=64;fuxi_single_stage_ffn=0;fuxi_use_latent=1;fuxi_use_pos=1;fuxi_use_time=1;l2=0;lr=0.0005;num_heads=4;num_layers=1,0.444,0.5677,0.3401,,0.2723,0.3034,0.2387,
FuXiAlpha,Grocery_and_Gourmet_Food_grocery_sweep_h50_ep30_v2,0,pos1_time1_latent1_ssffn0,dev,FuXiAlpha__Grocery_and_Gourmet_Food_grocery_sweep_h50_ep30_v2__0__lr=0.001__l2=0__emb_size=64__num_layers=1__num_heads=4__fuxi_use_pos=1__fuxi_use_time=1__fuxi_use_late__1d7c406950,..\log\FuXiAlpha\FuXiAlpha__Grocery_and_Gourmet_Food_grocery_sweep_h50_ep30_v2__0__lr=0.001__l2=0__emb_size=64__num_layers=1__num_heads=4__fuxi_use_pos=1__fuxi_use_time=1__fuxi_use_late__1d7c406950.txt,attn_dropout=0.1;emb_size=64;fuxi_single_stage_ffn=0;fuxi_use_latent=1;fuxi_use_pos=1;fuxi_use_time=1;l2=0;lr=0.001;num_heads=4;num_layers=1,0.5052,0.6283,0.3955,,0.3191,0.3501,0.2837,
FuXiAlpha,Grocery_and_Gourmet_Food_grocery_sweep_h50_ep30_v2,0,pos1_time1_latent1_ssffn0,test,FuXiAlpha__Grocery_and_Gourmet_Food_grocery_sweep_h50_ep30_v2__0__lr=0.001__l2=0__emb_size=64__num_layers=1__num_heads=4__fuxi_use_pos=1__fuxi_use_time=1__fuxi_use_late__1d7c406950,..\log\FuXiAlpha\FuXiAlpha__Grocery_and_Gourmet_Food_grocery_sweep_h50_ep30_v2__0__lr=0.001__l2=0__emb_size=64__num_layers=1__num_heads=4__fuxi_use_pos=1__fuxi_use_time=1__fuxi_use_late__1d7c406950.txt,attn_dropout=0.1;emb_size=64;fuxi_single_stage_ffn=0;fuxi_use_latent=1;fuxi_use_pos=1;fuxi_use_time=1;l2=0;lr=0.001;num_heads=4;num_layers=1,0.4648,0.5949,0.3531,,0.2838,0.3166,0.2477,
FuXiAlpha,Grocery_and_Gourmet_Food_grocery_sweep_h50_ep30_v2,0,pos1_time1_latent1_ssffn0,dev,FuXiAlpha__Grocery_and_Gourmet_Food_grocery_sweep_h50_ep30_v2__0__lr=0.001__l2=0__emb_size=64__num_layers=1__num_heads=4__fuxi_use_pos=1__fuxi_use_time=1__fuxi_use_late__724359ff05,..\log\FuXiAlpha\FuXiAlpha__Grocery_and_Gourmet_Food_grocery_sweep_h50_ep30_v2__0__lr=0.001__l2=0__emb_size=64__num_layers=1__num_heads=4__fuxi_use_pos=1__fuxi_use_time=1__fuxi_use_late__724359ff05.txt,attn_dropout=0.0;emb_size=64;fuxi_single_stage_ffn=0;fuxi_use_latent=1;fuxi_use_pos=1;fuxi_use_time=1;l2=0;lr=0.001;num_heads=4;num_layers=1,0.5025,0.6223,0.3939,,0.3154,0.3456,0.2802,
FuXiAlpha,Grocery_and_Gourmet_Food_grocery_sweep_h50_ep30_v2,0,pos1_time1_latent1_ssffn0,test,FuXiAlpha__Grocery_and_Gourmet_Food_grocery_sweep_h50_ep30_v2__0__lr=0.001__l2=0__emb_size=64__num_layers=1__num_heads=4__fuxi_use_pos=1__fuxi_use_time=1__fuxi_use_late__724359ff05,..\log\FuXiAlpha\FuXiAlpha__Grocery_and_Gourmet_Food_grocery_sweep_h50_ep30_v2__0__lr=0.001__l2=0__emb_size=64__num_layers=1__num_heads=4__fuxi_use_pos=1__fuxi_use_time=1__fuxi_use_late__724359ff05.txt,attn_dropout=0.0;emb_size=64;fuxi_single_stage_ffn=0;fuxi_use_latent=1;fuxi_use_pos=1;fuxi_use_time=1;l2=0;lr=0.001;num_heads=4;num_layers=1,0.4601,0.5876,0.3546,,0.278,0.31,0.2438,
FuXiAlpha,MovieLens_100K,0,pos1_time1_latent1_ssffn0,dev,FuXiAlpha__MovieLens_100K__0__lr=0.0005__l2=0__emb_size=64__num_layers=1__num_heads=4__fuxi_use_pos=1__fuxi_use_time=1__fuxi_use_latent=1__fuxi_single_stage_ffn=0__time_buckets=32__time_bucket_max=1000000__ff_hidden_size=256__attn_dropout=0.0,..\log\FuXiAlpha\FuXiAlpha__MovieLens_100K__0__lr=0.0005__l2=0__emb_size=64__num_layers=1__num_heads=4__fuxi_use_pos=1__fuxi_use_time=1__fuxi_use_latent=1__fuxi_single_stage_ffn=0__time_buckets=32__time_bucket_max=1000000__ff_hidden_size=256__attn_dropout=0.0.txt,attn_dropout=0.0;emb_size=64;ff_hidden_size=256;fuxi_single_stage_ffn=0;fuxi_use_latent=1;fuxi_use_pos=1;fuxi_use_time=1;l2=0;lr=0.0005;num_heads=4;num_layers=1;time_bucket_max=1000000;time_buckets=32,0.3454,0.5373,0.21,,0.1748,0.2232,0.132,
FuXiAlpha,MovieLens_100K,0,pos1_time1_latent1_ssffn0,test,FuXiAlpha__MovieLens_100K__0__lr=0.0005__l2=0__emb_size=64__num_layers=1__num_heads=4__fuxi_use_pos=1__fuxi_use_time=1__fuxi_use_latent=1__fuxi_single_stage_ffn=0__time_buckets=32__time_bucket_max=1000000__ff_hidden_size=256__attn_dropout=0.0,..\log\FuXiAlpha\FuXiAlpha__MovieLens_100K__0__lr=0.0005__l2=0__emb_size=64__num_layers=1__num_heads=4__fuxi_use_pos=1__fuxi_use_time=1__fuxi_use_latent=1__fuxi_single_stage_ffn=0__time_buckets=32__time_bucket_max=1000000__ff_hidden_size=256__attn_dropout=0.0.txt,attn_dropout=0.0;emb_size=64;ff_hidden_size=256;fuxi_single_stage_ffn=0;fuxi_use_latent=1;fuxi_use_pos=1;fuxi_use_time=1;l2=0;lr=0.0005;num_heads=4;num_layers=1;time_bucket_max=1000000;time_buckets=32,0.3049,0.5021,0.194,,0.1633,0.2133,0.1278,
FuXiAlpha,MovieLens_100K,0,pos1_time1_latent1_ssffn0,dev,FuXiAlpha__MovieLens_100K__0__lr=0.0005__l2=0__emb_size=64__num_layers=1__num_heads=4__fuxi_use_pos=1__fuxi_use_time=1__fuxi_use_latent=1__fuxi_single_stage_ffn=0__time_buckets=32__time_bucket_max=1000000__ff_hidden_size=256__attn_dropout=0.1,..\log\FuXiAlpha\FuXiAlpha__MovieLens_100K__0__lr=0.0005__l2=0__emb_size=64__num_layers=1__num_heads=4__fuxi_use_pos=1__fuxi_use_time=1__fuxi_use_latent=1__fuxi_single_stage_ffn=0__time_buckets=32__time_bucket_max=1000000__ff_hidden_size=256__attn_dropout=0.1.txt,attn_dropout=0.1;emb_size=64;ff_hidden_size=256;fuxi_single_stage_ffn=0;fuxi_use_latent=1;fuxi_use_pos=1;fuxi_use_time=1;l2=0;lr=0.0005;num_heads=4;num_layers=1;time_bucket_max=1000000;time_buckets=32,0.3294,0.5213,0.2015,,0.1694,0.2177,0.1285,
FuXiAlpha,MovieLens_100K,0,pos1_time1_latent1_ssffn0,test,FuXiAlpha__MovieLens_100K__0__lr=0.0005__l2=0__emb_size=64__num_layers=1__num_heads=4__fuxi_use_pos=1__fuxi_use_time=1__fuxi_use_latent=1__fuxi_single_stage_ffn=0__time_buckets=32__time_bucket_max=1000000__ff_hidden_size=256__attn_dropout=0.1,..\log\FuXiAlpha\FuXiAlpha__MovieLens_100K__0__lr=0.0005__l2=0__emb_size=64__num_layers=1__num_heads=4__fuxi_use_pos=1__fuxi_use_time=1__fuxi_use_latent=1__fuxi_single_stage_ffn=0__time_buckets=32__time_bucket_max=1000000__ff_hidden_size=256__attn_dropout=0.1.txt,attn_dropout=0.1;emb_size=64;ff_hidden_size=256;fuxi_single_stage_ffn=0;fuxi_use_latent=1;fuxi_use_pos=1;fuxi_use_time=1;l2=0;lr=0.0005;num_heads=4;num_layers=1;time_bucket_max=1000000;time_buckets=32,0.3124,0.4872,0.209,,0.1693,0.2134,0.1359,
FuXiAlpha,MovieLens_100K,0,pos1_time1_latent1_ssffn0,dev,FuXiAlpha__MovieLens_100K__0__lr=0.0005__l2=0__emb_size=64__num_layers=1__num_heads=4__fuxi_use_pos=1__fuxi_use_time=1__fuxi_use_latent=1__fuxi_single_stage_ffn=0__time_buckets=32__time_bucket_max=1000000__ff_hidden_size=256__attn_dropout=0.2,..\log\FuXiAlpha\FuXiAlpha__MovieLens_100K__0__lr=0.0005__l2=0__emb_size=64__num_layers=1__num_heads=4__fuxi_use_pos=1__fuxi_use_time=1__fuxi_use_latent=1__fuxi_single_stage_ffn=0__time_buckets=32__time_bucket_max=1000000__ff_hidden_size=256__attn_dropout=0.2.txt,attn_dropout=0.2;emb_size=64;ff_hidden_size=256;fuxi_single_stage_ffn=0;fuxi_use_latent=1;fuxi_use_pos=1;fuxi_use_time=1;l2=0;lr=0.0005;num_heads=4;num_layers=1;time_bucket_max=1000000;time_buckets=32,0.3305,0.5203,0.2004,,0.1699,0.2176,0.1283,
FuXiAlpha,MovieLens_100K,0,pos1_time1_latent1_ssffn0,test,FuXiAlpha__MovieLens_100K__0__lr=0.0005__l2=0__emb_size=64__num_layers=1__num_heads=4__fuxi_use_pos=1__fuxi_use_time=1__fuxi_use_latent=1__fuxi_single_stage_ffn=0__time_buckets=32__time_bucket_max=1000000__ff_hidden_size=256__attn_dropout=0.2,..\log\FuXiAlpha\FuXiAlpha__MovieLens_100K__0__lr=0.0005__l2=0__emb_size=64__num_layers=1__num_heads=4__fuxi_use_pos=1__fuxi_use_time=1__fuxi_use_latent=1__fuxi_single_stage_ffn=0__time_buckets=32__time_bucket_max=1000000__ff_hidden_size=256__attn_dropout=0.2.txt,attn_dropout=0.2;emb_size=64;ff_hidden_size=256;fuxi_single_stage_ffn=0;fuxi_use_latent=1;fuxi_use_pos=1;fuxi_use_time=1;l2=0;lr=0.0005;num_heads=4;num_layers=1;time_bucket_max=1000000;time_buckets=32,0.3113,0.4872,0.209,,0.1689,0.2133,0.1358,
FuXiAlpha,MovieLens_100K,0,pos1_time1_latent1_ssffn0,dev,FuXiAlpha__MovieLens_100K__0__lr=0.001__l2=0__emb_size=64__num_layers=1__num_heads=4__fuxi_use_pos=1__fuxi_use_time=1__fuxi_use_latent=1__fuxi_single_stage_ffn=0__time___bd61d09653,..\log\FuXiAlpha\FuXiAlpha__MovieLens_100K__0__lr=0.001__l2=0__emb_size=64__num_layers=1__num_heads=4__fuxi_use_pos=1__fuxi_use_time=1__fuxi_use_latent=1__fuxi_single_stage_ffn=0__time___bd61d09653.txt,attn_dropout=0.0;emb_size=64;fuxi_single_stage_ffn=0;fuxi_use_latent=1;fuxi_use_pos=1;fuxi_use_time=1;l2=0;lr=0.001;num_heads=4;num_layers=1,0.323,0.5107,0.193,,0.1638,0.2109,0.1216,
FuXiAlpha,MovieLens_100K,0,pos1_time1_latent1_ssffn0,test,FuXiAlpha__MovieLens_100K__0__lr=0.001__l2=0__emb_size=64__num_layers=1__num_heads=4__fuxi_use_pos=1__fuxi_use_time=1__fuxi_use_latent=1__fuxi_single_stage_ffn=0__time___bd61d09653,..\log\FuXiAlpha\FuXiAlpha__MovieLens_100K__0__lr=0.001__l2=0__emb_size=64__num_layers=1__num_heads=4__fuxi_use_pos=1__fuxi_use_time=1__fuxi_use_latent=1__fuxi_single_stage_ffn=0__time___bd61d09653.txt,attn_dropout=0.0;emb_size=64;fuxi_single_stage_ffn=0;fuxi_use_latent=1;fuxi_use_pos=1;fuxi_use_time=1;l2=0;lr=0.001;num_heads=4;num_layers=1,0.3092,0.4819,0.2026,,0.1656,0.209,0.1312,
FuXiAlpha,MovieLens_100K,0,pos1_time1_latent1_ssffn0,dev,FuXiAlpha__MovieLens_100K__0__lr=0.001__l2=0__emb_size=64__num_layers=1__num_heads=4__fuxi_use_pos=1__fuxi_use_time=1__fuxi_use_latent=1__fuxi_single_stage_ffn=0__time_buckets=32__time_bucket_max=1000000__ff_hidden_size=256__attn_dropout=0.0,..\log\FuXiAlpha\FuXiAlpha__MovieLens_100K__0__lr=0.001__l2=0__emb_size=64__num_layers=1__num_heads=4__fuxi_use_pos=1__fuxi_use_time=1__fuxi_use_latent=1__fuxi_single_stage_ffn=0__time_buckets=32__time_bucket_max=1000000__ff_hidden_size=256__attn_dropout=0.0.txt,attn_dropout=0.0;emb_size=64;ff_hidden_size=256;fuxi_single_stage_ffn=0;fuxi_use_latent=1;fuxi_use_pos=1;fuxi_use_time=1;l2=0;lr=0.001;num_heads=4;num_layers=1;time_bucket_max=1000000;time_buckets=32,0.6023,0.7623,0.4158,,0.3298,0.3704,0.2697,
FuXiAlpha,MovieLens_100K,0,pos1_time1_latent1_ssffn0,test,FuXiAlpha__MovieLens_100K__0__lr=0.001__l2=0__emb_size=64__num_layers=1__num_heads=4__fuxi_use_pos=1__fuxi_use_time=1__fuxi_use_latent=1__fuxi_single_stage_ffn=0__time_buckets=32__time_bucket_max=1000000__ff_hidden_size=256__attn_dropout=0.0,..\log\FuXiAlpha\FuXiAlpha__MovieLens_100K__0__lr=0.001__l2=0__emb_size=64__num_layers=1__num_heads=4__fuxi_use_pos=1__fuxi_use_time=1__fuxi_use_latent=1__fuxi_single_stage_ffn=0__time_buckets=32__time_bucket_max=1000000__ff_hidden_size=256__attn_dropout=0.0.txt,attn_dropout=0.0;emb_size=64;ff_hidden_size=256;fuxi_single_stage_ffn=0;fuxi_use_latent=1;fuxi_use_pos=1;fuxi_use_time=1;l2=0;lr=0.001;num_heads=4;num_layers=1;time_bucket_max=1000000;time_buckets=32,0.5394,0.7281,0.3817,,0.3035,0.3516,0.2528,
FuXiAlpha,MovieLens_100K,0,pos1_time1_latent1_ssffn0,dev,FuXiAlpha__MovieLens_100K__0__lr=0.001__l2=0__emb_size=64__num_layers=1__num_heads=4__fuxi_use_pos=1__fuxi_use_time=1__fuxi_use_latent=1__fuxi_single_stage_ffn=0__time_buckets=32__time_bucket_max=1000000__ff_hidden_size=256__attn_dropout=0.1,..\log\FuXiAlpha\FuXiAlpha__MovieLens_100K__0__lr=0.001__l2=0__emb_size=64__num_layers=1__num_heads=4__fuxi_use_pos=1__fuxi_use_time=1__fuxi_use_latent=1__fuxi_single_stage_ffn=0__time_buckets=32__time_bucket_max=1000000__ff_hidden_size=256__attn_dropout=0.1.txt,attn_dropout=0.1;emb_size=64;ff_hidden_size=256;fuxi_single_stage_ffn=0;fuxi_use_latent=1;fuxi_use_pos=1;fuxi_use_time=1;l2=0;lr=0.001;num_heads=4;num_layers=1;time_bucket_max=1000000;time_buckets=32,0.597,0.7623,0.3998,,0.3229,0.3648,0.2592,
FuXiAlpha,MovieLens_100K,0,pos1_time1_latent1_ssffn0,test,FuXiAlpha__MovieLens_100K__0__lr=0.001__l2=0__emb_size=64__num_layers=1__num_heads=4__fuxi_use_pos=1__fuxi_use_time=1__fuxi_use_latent=1__fuxi_single_stage_ffn=0__time_buckets=32__time_bucket_max=1000000__ff_hidden_size=256__attn_dropout=0.1,..\log\FuXiAlpha\FuXiAlpha__MovieLens_100K__0__lr=0.001__l2=0__emb_size=64__num_layers=1__num_heads=4__fuxi_use_pos=1__fuxi_use_time=1__fuxi_use_latent=1__fuxi_single_stage_ffn=0__time_buckets=32__time_bucket_max=1000000__ff_hidden_size=256__attn_dropout=0.1.txt,attn_dropout=0.1;emb_size=64;ff_hidden_size=256;fuxi_single_stage_ffn=0;fuxi_use_latent=1;fuxi_use_pos=1;fuxi_use_time=1;l2=0;lr=0.001;num_heads=4;num_layers=1;time_bucket_max=1000000;time_buckets=32,0.5277,0.7111,0.3571,,0.2969,0.3436,0.2417,
FuXiAlpha,MovieLens_100K,0,pos1_time1_latent1_ssffn0,dev,FuXiAlpha__MovieLens_100K__0__lr=0.001__l2=0__emb_size=64__num_layers=1__num_heads=4__fuxi_use_pos=1__fuxi_use_time=1__fuxi_use_latent=1__fuxi_single_stage_ffn=0__time_buckets=32__time_bucket_max=1000000__ff_hidden_size=256__attn_dropout=0.2,..\log\FuXiAlpha\FuXiAlpha__MovieLens_100K__0__lr=0.001__l2=0__emb_size=64__num_layers=1__num_heads=4__fuxi_use_pos=1__fuxi_use_time=1__fuxi_use_latent=1__fuxi_single_stage_ffn=0__time_buckets=32__time_bucket_max=1000000__ff_hidden_size=256__attn_dropout=0.2.txt,attn_dropout=0.2;emb_size=64;ff_hidden_size=256;fuxi_single_stage_ffn=0;fuxi_use_latent=1;fuxi_use_pos=1;fuxi_use_time=1;l2=0;lr=0.001;num_heads=4;num_layers=1;time_bucket_max=1000000;time_buckets=32,0.4861,0.6674,0.3188,,0.26,0.3061,0.206,
FuXiAlpha,MovieLens_100K,0,pos1_time1_latent1_ssffn0,test,FuXiAlpha__MovieLens_100K__0__lr=0.001__l2=0__emb_size=64__num_layers=1__num_heads=4__fuxi_use_pos=1__fuxi_use_time=1__fuxi_use_latent=1__fuxi_single_stage_ffn=0__time_buckets=32__time_bucket_max=1000000__ff_hidden_size=256__attn_dropout=0.2,..\log\FuXiAlpha\FuXiAlpha__MovieLens_100K__0__lr=0.001__l2=0__emb_size=64__num_layers=1__num_heads=4__fuxi_use_pos=1__fuxi_use_time=1__fuxi_use_latent=1__fuxi_single_stage_ffn=0__time_buckets=32__time_bucket_max=1000000__ff_hidden_size=256__attn_dropout=0.2.txt,attn_dropout=0.2;emb_size=64;ff_hidden_size=256;fuxi_single_stage_ffn=0;fuxi_use_latent=1;fuxi_use_pos=1;fuxi_use_time=1;l2=0;lr=0.001;num_heads=4;num_layers=1;time_bucket_max=1000000;time_buckets=32,0.4424,0.6226,0.2964,,0.2462,0.2918,0.1994,
FuXiAlpha,MovieLens_100K,1,pos1_time1_latent1_ssffn0,dev,FuXiAlpha__MovieLens_100K__1__lr=0.001__l2=0__emb_size=64__num_layers=1__num_heads=4__fuxi_use_pos=1__fuxi_use_time=1__fuxi_use_latent=1__fuxi_single_stage_ffn=0__time_buckets=32__time_bucket_max=1000000__ff_hidden_size=256__attn_dropout=0.0,..\log\FuXiAlpha\FuXiAlpha__MovieLens_100K__1__lr=0.001__l2=0__emb_size=64__num_layers=1__num_heads=4__fuxi_use_pos=1__fuxi_use_time=1__fuxi_use_latent=1__fuxi_single_stage_ffn=0__time_buckets=32__time_bucket_max=1000000__ff_hidden_size=256__attn_dropout=0.0.txt,attn_dropout=0.0;emb_size=64;ff_hidden_size=256;fuxi_single_stage_ffn=0;fuxi_use_latent=1;fuxi_use_pos=1;fuxi_use_time=1;l2=0;lr=0.001;num_heads=4;num_layers=1;time_bucket_max=1000000;time_buckets=32,0.6237,0.8017,0.4552,,0.354,0.399,0.2992,
FuXiAlpha,MovieLens_100K,1,pos1_time1_latent1_ssffn0,test,FuXiAlpha__MovieLens_100K__1__lr=0.001__l2=0__emb_size=64__num_layers=1__num_heads=4__fuxi_use_pos=1__fuxi_use_time=1__fuxi_use_latent=1__fuxi_single_stage_ffn=0__time_buckets=32__time_bucket_max=1000000__ff_hidden_size=256__attn_dropout=0.0,..\log\FuXiAlpha\FuXiAlpha__MovieLens_100K__1__lr=0.001__l2=0__emb_size=64__num_layers=1__num_heads=4__fuxi_use_pos=1__fuxi_use_time=1__fuxi_use_latent=1__fuxi_single_stage_ffn=0__time_buckets=32__time_bucket_max=1000000__ff_hidden_size=256__attn_dropout=0.0.txt,attn_dropout=0.0;emb_size=64;ff_hidden_size=256;fuxi_single_stage_ffn=0;fuxi_use_latent=1;fuxi_use_pos=1;fuxi_use_time=1;l2=0;lr=0.001;num_heads=4;num_layers=1;time_bucket_max=1000000;time_buckets=32,0.5736,0.7505,0.4072,,0.327,0.3721,0.2729,
FuXiAlpha,MovieLens_100K,2,pos1_time1_latent1_ssffn0,dev,FuXiAlpha__MovieLens_100K__2__lr=0.001__l2=0__emb_size=64__num_layers=1__num_heads=4__fuxi_use_pos=1__fuxi_use_time=1__fuxi_use_latent=1__fuxi_single_stage_ffn=0__time_buckets=32__time_bucket_max=1000000__ff_hidden_size=256__attn_dropout=0.0,..\log\FuXiAlpha\FuXiAlpha__MovieLens_100K__2__lr=0.001__l2=0__emb_size=64__num_layers=1__num_heads=4__fuxi_use_pos=1__fuxi_use_time=1__fuxi_use_latent=1__fuxi_single_stage_ffn=0__time_buckets=32__time_bucket_max=1000000__ff_hidden_size=256__attn_dropout=0.0.txt,attn_dropout=0.0;emb_size=64;ff_hidden_size=256;fuxi_single_stage_ffn=0;fuxi_use_latent=1;fuxi_use_pos=1;fuxi_use_time=1;l2=0;lr=0.001;num_heads=4;num_layers=1;time_bucket_max=1000000;time_buckets=32,0.6173,0.7985,0.4595,,0.3592,0.405,0.3083,
FuXiAlpha,MovieLens_100K,2,pos1_time1_latent1_ssffn0,test,FuXiAlpha__MovieLens_100K__2__lr=0.001__l2=0__emb_size=64__num_layers=1__num_heads=4__fuxi_use_pos=1__fuxi_use_time=1__fuxi_use_latent=1__fuxi_single_stage_ffn=0__time_buckets=32__time_bucket_max=1000000__ff_hidden_size=256__attn_dropout=0.0,..\log\FuXiAlpha\FuXiAlpha__MovieLens_100K__2__lr=0.001__l2=0__emb_size=64__num_layers=1__num_heads=4__fuxi_use_pos=1__fuxi_use_time=1__fuxi_use_latent=1__fuxi_single_stage_ffn=0__time_buckets=32__time_bucket_max=1000000__ff_hidden_size=256__attn_dropout=0.0.txt,attn_dropout=0.0;emb_size=64;ff_hidden_size=256;fuxi_single_stage_ffn=0;fuxi_use_latent=1;fuxi_use_pos=1;fuxi_use_time=1;l2=0;lr=0.001;num_heads=4;num_layers=1;time_bucket_max=1000000;time_buckets=32,0.5693,0.7601,0.4136,,0.3266,0.3749,0.2764,
FuXiAlpha,MovieLens_100K_fuxi_sweep_e10s0_20251218,0,pos1_time1_latent1_ssffn0,dev,FuXiAlpha__MovieLens_100K_fuxi_sweep_e10s0_20251218__0__lr=0.0005__l2=0__emb_size=64__num_layers=1__num_heads=4__fuxi_use_pos=1__fuxi_use_time=1__fuxi_use_latent=1__fux__361754c0c6,..\log\FuXiAlpha\FuXiAlpha__MovieLens_100K_fuxi_sweep_e10s0_20251218__0__lr=0.0005__l2=0__emb_size=64__num_layers=1__num_heads=4__fuxi_use_pos=1__fuxi_use_time=1__fuxi_use_latent=1__fux__361754c0c6.txt,attn_dropout=0.0;emb_size=64;fuxi_single_stage_ffn=0;fuxi_use_latent=1;fuxi_use_pos=1;fuxi_use_time=1;l2=0;lr=0.0005;num_heads=4;num_layers=1,0.3763,0.5853,0.258,,0.2034,0.2561,0.1654,
FuXiAlpha,MovieLens_100K_fuxi_sweep_e10s0_20251218,0,pos1_time1_latent1_ssffn0,test,FuXiAlpha__MovieLens_100K_fuxi_sweep_e10s0_20251218__0__lr=0.0005__l2=0__emb_size=64__num_layers=1__num_heads=4__fuxi_use_pos=1__fuxi_use_time=1__fuxi_use_latent=1__fux__361754c0c6,..\log\FuXiAlpha\FuXiAlpha__MovieLens_100K_fuxi_sweep_e10s0_20251218__0__lr=0.0005__l2=0__emb_size=64__num_layers=1__num_heads=4__fuxi_use_pos=1__fuxi_use_time=1__fuxi_use_latent=1__fux__361754c0c6.txt,attn_dropout=0.0;emb_size=64;fuxi_single_stage_ffn=0;fuxi_use_latent=1;fuxi_use_pos=1;fuxi_use_time=1;l2=0;lr=0.0005;num_heads=4;num_layers=1,0.3443,0.5362,0.2047,,0.1816,0.23,0.1369,
FuXiAlpha,MovieLens_100K_fuxi_sweep_e10s0_20251218,0,pos1_time1_latent1_ssffn0,dev,FuXiAlpha__MovieLens_100K_fuxi_sweep_e10s0_20251218__0__lr=0.0005__l2=0__emb_size=64__num_layers=1__num_heads=4__fuxi_use_pos=1__fuxi_use_time=1__fuxi_use_latent=1__fux__6a97f111cb,..\log\FuXiAlpha\FuXiAlpha__MovieLens_100K_fuxi_sweep_e10s0_20251218__0__lr=0.0005__l2=0__emb_size=64__num_layers=1__num_heads=4__fuxi_use_pos=1__fuxi_use_time=1__fuxi_use_latent=1__fux__6a97f111cb.txt,attn_dropout=0.2;emb_size=64;fuxi_single_stage_ffn=0;fuxi_use_latent=1;fuxi_use_pos=1;fuxi_use_time=1;l2=0;lr=0.0005;num_heads=4;num_layers=1,0.5426,0.7228,0.3678,,0.2956,0.3414,0.2391,
FuXiAlpha,MovieLens_100K_fuxi_sweep_e10s0_20251218,0,pos1_time1_latent1_ssffn0,test,FuXiAlpha__MovieLens_100K_fuxi_sweep_e10s0_20251218__0__lr=0.0005__l2=0__emb_size=64__num_layers=1__num_heads=4__fuxi_use_pos=1__fuxi_use_time=1__fuxi_use_latent=1__fux__6a97f111cb,..\log\FuXiAlpha\FuXiAlpha__MovieLens_100K_fuxi_sweep_e10s0_20251218__0__lr=0.0005__l2=0__emb_size=64__num_layers=1__num_heads=4__fuxi_use_pos=1__fuxi_use_time=1__fuxi_use_latent=1__fux__6a97f111cb.txt,attn_dropout=0.2;emb_size=64;fuxi_single_stage_ffn=0;fuxi_use_latent=1;fuxi_use_pos=1;fuxi_use_time=1;l2=0;lr=0.0005;num_heads=4;num_layers=1,0.5011,0.6588,0.323,,0.276,0.316,0.2192,
FuXiAlpha,MovieLens_100K_fuxi_sweep_e10s0_20251218,0,pos1_time1_latent1_ssffn0,dev,FuXiAlpha__MovieLens_100K_fuxi_sweep_e10s0_20251218__0__lr=0.0005__l2=0__emb_size=64__num_layers=1__num_heads=4__fuxi_use_pos=1__fuxi_use_time=1__fuxi_use_latent=1__fux__84293d154a,..\log\FuXiAlpha\FuXiAlpha__MovieLens_100K_fuxi_sweep_e10s0_20251218__0__lr=0.0005__l2=0__emb_size=64__num_layers=1__num_heads=4__fuxi_use_pos=1__fuxi_use_time=1__fuxi_use_latent=1__fux__84293d154a.txt,attn_dropout=0.1;emb_size=64;fuxi_single_stage_ffn=0;fuxi_use_latent=1;fuxi_use_pos=1;fuxi_use_time=1;l2=0;lr=0.0005;num_heads=4;num_layers=1,0.5362,0.7122,0.3646,,0.2967,0.3413,0.2414,
FuXiAlpha,MovieLens_100K_fuxi_sweep_e10s0_20251218,0,pos1_time1_latent1_ssffn0,test,FuXiAlpha__MovieLens_100K_fuxi_sweep_e10s0_20251218__0__lr=0.0005__l2=0__emb_size=64__num_layers=1__num_heads=4__fuxi_use_pos=1__fuxi_use_time=1__fuxi_use_latent=1__fux__84293d154a,..\log\FuXiAlpha\FuXiAlpha__MovieLens_100K_fuxi_sweep_e10s0_20251218__0__lr=0.0005__l2=0__emb_size=64__num_layers=1__num_heads=4__fuxi_use_pos=1__fuxi_use_time=1__fuxi_use_latent=1__fux__84293d154a.txt,attn_dropout=0.1;emb_size=64;fuxi_single_stage_ffn=0;fuxi_use_latent=1;fuxi_use_pos=1;fuxi_use_time=1;l2=0;lr=0.0005;num_heads=4;num_layers=1,0.4883,0.662,0.3241,,0.2737,0.3175,0.2211,
FuXiAlpha,MovieLens_100K_fuxi_sweep_e10s0_20251218,0,pos1_time1_latent1_ssffn0,dev,FuXiAlpha__MovieLens_100K_fuxi_sweep_e10s0_20251218__0__lr=0.001__l2=0__emb_size=64__num_layers=1__num_heads=4__fuxi_use_pos=1__fuxi_use_time=1__fuxi_use_latent=1__fuxi__040e3f2d4c,..\log\FuXiAlpha\FuXiAlpha__MovieLens_100K_fuxi_sweep_e10s0_20251218__0__lr=0.001__l2=0__emb_size=64__num_layers=1__num_heads=4__fuxi_use_pos=1__fuxi_use_time=1__fuxi_use_latent=1__fuxi__040e3f2d4c.txt,attn_dropout=0.1;emb_size=64;fuxi_single_stage_ffn=0;fuxi_use_latent=1;fuxi_use_pos=1;fuxi_use_time=1;l2=0;lr=0.001;num_heads=4;num_layers=1,0.597,0.7623,0.3998,,0.3229,0.3648,0.2592,
FuXiAlpha,MovieLens_100K_fuxi_sweep_e10s0_20251218,0,pos1_time1_latent1_ssffn0,test,FuXiAlpha__MovieLens_100K_fuxi_sweep_e10s0_20251218__0__lr=0.001__l2=0__emb_size=64__num_layers=1__num_heads=4__fuxi_use_pos=1__fuxi_use_time=1__fuxi_use_latent=1__fuxi__040e3f2d4c,..\log\FuXiAlpha\FuXiAlpha__MovieLens_100K_fuxi_sweep_e10s0_20251218__0__lr=0.001__l2=0__emb_size=64__num_layers=1__num_heads=4__fuxi_use_pos=1__fuxi_use_time=1__fuxi_use_latent=1__fuxi__040e3f2d4c.txt,attn_dropout=0.1;emb_size=64;fuxi_single_stage_ffn=0;fuxi_use_latent=1;fuxi_use_pos=1;fuxi_use_time=1;l2=0;lr=0.001;num_heads=4;num_layers=1,0.5277,0.7111,0.3571,,0.2969,0.3436,0.2417,
FuXiAlpha,MovieLens_100K_fuxi_sweep_e10s0_20251218,0,pos1_time1_latent1_ssffn0,dev,FuXiAlpha__MovieLens_100K_fuxi_sweep_e10s0_20251218__0__lr=0.001__l2=0__emb_size=64__num_layers=1__num_heads=4__fuxi_use_pos=1__fuxi_use_time=1__fuxi_use_latent=1__fuxi__cb28a3a616,..\log\FuXiAlpha\FuXiAlpha__MovieLens_100K_fuxi_sweep_e10s0_20251218__0__lr=0.001__l2=0__emb_size=64__num_layers=1__num_heads=4__fuxi_use_pos=1__fuxi_use_time=1__fuxi_use_latent=1__fuxi__cb28a3a616.txt,attn_dropout=0.2;emb_size=64;fuxi_single_stage_ffn=0;fuxi_use_latent=1;fuxi_use_pos=1;fuxi_use_time=1;l2=0;lr=0.001;num_heads=4;num_layers=1,0.5991,0.7623,0.4051,,0.3303,0.372,0.2673,
FuXiAlpha,MovieLens_100K_fuxi_sweep_e10s0_20251218,0,pos1_time1_latent1_ssffn0,test,FuXiAlpha__MovieLens_100K_fuxi_sweep_e10s0_20251218__0__lr=0.001__l2=0__emb_size=64__num_layers=1__num_heads=4__fuxi_use_pos=1__fuxi_use_time=1__fuxi_use_latent=1__fuxi__cb28a3a616,..\log\FuXiAlpha\FuXiAlpha__MovieLens_100K_fuxi_sweep_e10s0_20251218__0__lr=0.001__l2=0__emb_size=64__num_layers=1__num_heads=4__fuxi_use_pos=1__fuxi_use_time=1__fuxi_use_latent=1__fuxi__cb28a3a616.txt,attn_dropout=0.2;emb_size=64;fuxi_single_stage_ffn=0;fuxi_use_latent=1;fuxi_use_pos=1;fuxi_use_time=1;l2=0;lr=0.001;num_heads=4;num_layers=1,0.5352,0.7249,0.3721,,0.3029,0.3512,0.2503,
FuXiAlpha,MovieLens_100K_fuxi_sweep_e10s0_20251218,0,pos1_time1_latent1_ssffn0,dev,FuXiAlpha__MovieLens_100K_fuxi_sweep_e10s0_20251218__0__lr=0.001__l2=0__emb_size=64__num_layers=1__num_heads=4__fuxi_use_pos=1__fuxi_use_time=1__fuxi_use_latent=1__fuxi__e3cdcb2c16,..\log\FuXiAlpha\FuXiAlpha__MovieLens_100K_fuxi_sweep_e10s0_20251218__0__lr=0.001__l2=0__emb_size=64__num_layers=1__num_heads=4__fuxi_use_pos=1__fuxi_use_time=1__fuxi_use_latent=1__fuxi__e3cdcb2c16.txt,attn_dropout=0.0;emb_size=64;fuxi_single_stage_ffn=0;fuxi_use_latent=1;fuxi_use_pos=1;fuxi_use_time=1;l2=0;lr=0.001;num_heads=4;num_layers=1,0.6023,0.7623,0.4158,,0.3298,0.3704,0.2697,
FuXiAlpha,MovieLens_100K_fuxi_sweep_e10s0_20251218,0,pos1_time1_latent1_ssffn0,test,FuXiAlpha__MovieLens_100K_fuxi_sweep_e10s0_20251218__0__lr=0.001__l2=0__emb_size=64__num_layers=1__num_heads=4__fuxi_use_pos=1__fuxi_use_time=1__fuxi_use_latent=1__fuxi__e3cdcb2c16,..\log\FuXiAlpha\FuXiAlpha__MovieLens_100K_fuxi_sweep_e10s0_20251218__0__lr=0.001__l2=0__emb_size=64__num_layers=1__num_heads=4__fuxi_use_pos=1__fuxi_use_time=1__fuxi_use_latent=1__fuxi__e3cdcb2c16.txt,attn_dropout=0.0;emb_size=64;fuxi_single_stage_ffn=0;fuxi_use_latent=1;fuxi_use_pos=1;fuxi_use_time=1;l2=0;lr=0.001;num_heads=4;num_layers=1,0.5394,0.7281,0.3817,,0.3035,0.3516,0.2528,
FuXiAlpha,MovieLens_100K_fuxi_sweep_pathfix_test,0,pos1_time1_latent1_ssffn0,dev,FuXiAlpha__MovieLens_100K_fuxi_sweep_pathfix_test__0__lr=0.001__l2=0__emb_size=64__num_layers=1__num_heads=4__fuxi_use_pos=1__fuxi_use_time=1__fuxi_use_latent=1__fuxi_s__37f91b10cf,..\log\FuXiAlpha\FuXiAlpha__MovieLens_100K_fuxi_sweep_pathfix_test__0__lr=0.001__l2=0__emb_size=64__num_layers=1__num_heads=4__fuxi_use_pos=1__fuxi_use_time=1__fuxi_use_latent=1__fuxi_s__37f91b10cf.txt,attn_dropout=0.0;emb_size=64;fuxi_single_stage_ffn=0;fuxi_use_latent=1;fuxi_use_pos=1;fuxi_use_time=1;l2=0;lr=0.001;num_heads=4;num_layers=1,0.323,0.5107,0.193,,0.1638,0.2109,0.1216,
FuXiAlpha,MovieLens_100K_fuxi_sweep_pathfix_test,0,pos1_time1_latent1_ssffn0,test,FuXiAlpha__MovieLens_100K_fuxi_sweep_pathfix_test__0__lr=0.001__l2=0__emb_size=64__num_layers=1__num_heads=4__fuxi_use_pos=1__fuxi_use_time=1__fuxi_use_latent=1__fuxi_s__37f91b10cf,..\log\FuXiAlpha\FuXiAlpha__MovieLens_100K_fuxi_sweep_pathfix_test__0__lr=0.001__l2=0__emb_size=64__num_layers=1__num_heads=4__fuxi_use_pos=1__fuxi_use_time=1__fuxi_use_latent=1__fuxi_s__37f91b10cf.txt,attn_dropout=0.0;emb_size=64;fuxi_single_stage_ffn=0;fuxi_use_latent=1;fuxi_use_pos=1;fuxi_use_time=1;l2=0;lr=0.001;num_heads=4;num_layers=1,0.3092,0.4819,0.2026,,0.1656,0.209,0.1312,
FuXiAlpha,MovieLens_1M,0,pos1_time1_latent1_ssffn0,dev,FuXiAlpha__MovieLens_1M__0__lr=0.001__l2=0__emb_size=64__num_layers=1__num_heads=4__fuxi_use_pos=1__fuxi_use_time=1__fuxi_use_latent=1__fuxi_single_stage_ffn=0__time_buckets=32__time_bucket_max=1000000__ff_hidden_size=256__attn_dropout=0.0,..\log\FuXiAlpha\FuXiAlpha__MovieLens_1M__0__lr=0.001__l2=0__emb_size=64__num_layers=1__num_heads=4__fuxi_use_pos=1__fuxi_use_time=1__fuxi_use_latent=1__fuxi_single_stage_ffn=0__time_buckets=32__time_bucket_max=1000000__ff_hidden_size=256__attn_dropout=0.0.txt,attn_dropout=0.0;emb_size=64;ff_hidden_size=256;fuxi_single_stage_ffn=0;fuxi_use_latent=1;fuxi_use_pos=1;fuxi_use_time=1;l2=0;lr=0.001;num_heads=4;num_layers=1;time_bucket_max=1000000;time_buckets=32,0.5517,0.7506,0.3772,,0.3073,0.3577,0.2509,
FuXiAlpha,MovieLens_1M,0,pos1_time1_latent1_ssffn0,test,FuXiAlpha__MovieLens_1M__0__lr=0.001__l2=0__emb_size=64__num_layers=1__num_heads=4__fuxi_use_pos=1__fuxi_use_time=1__fuxi_use_latent=1__fuxi_single_stage_ffn=0__time_buckets=32__time_bucket_max=1000000__ff_hidden_size=256__attn_dropout=0.0,..\log\FuXiAlpha\FuXiAlpha__MovieLens_1M__0__lr=0.001__l2=0__emb_size=64__num_layers=1__num_heads=4__fuxi_use_pos=1__fuxi_use_time=1__fuxi_use_latent=1__fuxi_single_stage_ffn=0__time_buckets=32__time_bucket_max=1000000__ff_hidden_size=256__attn_dropout=0.0.txt,attn_dropout=0.0;emb_size=64;ff_hidden_size=256;fuxi_single_stage_ffn=0;fuxi_use_latent=1;fuxi_use_pos=1;fuxi_use_time=1;l2=0;lr=0.001;num_heads=4;num_layers=1;time_bucket_max=1000000;time_buckets=32,0.5322,0.7146,0.359,,0.2943,0.3402,0.2385,
FuXiAlpha,MovieLens_1M,1,pos1_time1_latent1_ssffn0,dev,FuXiAlpha__MovieLens_1M__1__lr=0.001__l2=0__emb_size=64__num_layers=1__num_heads=4__fuxi_use_pos=1__fuxi_use_time=1__fuxi_use_latent=1__fuxi_single_stage_ffn=0__time_bu__0bedb099c9,..\log\FuXiAlpha\FuXiAlpha__MovieLens_1M__1__lr=0.001__l2=0__emb_size=64__num_layers=1__num_heads=4__fuxi_use_pos=1__fuxi_use_time=1__fuxi_use_latent=1__fuxi_single_stage_ffn=0__time_bu__0bedb099c9.txt,attn_dropout=0.0;emb_size=64;fuxi_single_stage_ffn=0;fuxi_use_latent=1;fuxi_use_pos=1;fuxi_use_time=1;l2=0;lr=0.001;num_heads=4;num_layers=1,0.8031,0.9006,0.6684,,0.5449,0.5697,0.501,
FuXiAlpha,MovieLens_1M,1,pos1_time1_latent1_ssffn0,test,FuXiAlpha__MovieLens_1M__1__lr=0.001__l2=0__emb_size=64__num_layers=1__num_heads=4__fuxi_use_pos=1__fuxi_use_time=1__fuxi_use_latent=1__fuxi_single_stage_ffn=0__time_bu__0bedb099c9,..\log\FuXiAlpha\FuXiAlpha__MovieLens_1M__1__lr=0.001__l2=0__emb_size=64__num_layers=1__num_heads=4__fuxi_use_pos=1__fuxi_use_time=1__fuxi_use_latent=1__fuxi_single_stage_ffn=0__time_bu__0bedb099c9.txt,attn_dropout=0.0;emb_size=64;fuxi_single_stage_ffn=0;fuxi_use_latent=1;fuxi_use_pos=1;fuxi_use_time=1;l2=0;lr=0.001;num_heads=4;num_layers=1,0.7668,0.8752,0.6409,,0.5161,0.5436,0.4752,
FuXiAlpha,MovieLens_1M,2,pos1_time1_latent1_ssffn0,dev,FuXiAlpha__MovieLens_1M__2__lr=0.001__l2=0__emb_size=64__num_layers=1__num_heads=4__fuxi_use_pos=1__fuxi_use_time=1__fuxi_use_latent=1__fuxi_single_stage_ffn=0__time_bu__3e35999db3,..\log\FuXiAlpha\FuXiAlpha__MovieLens_1M__2__lr=0.001__l2=0__emb_size=64__num_layers=1__num_heads=4__fuxi_use_pos=1__fuxi_use_time=1__fuxi_use_latent=1__fuxi_single_stage_ffn=0__time_bu__3e35999db3.txt,attn_dropout=0.0;emb_size=64;fuxi_single_stage_ffn=0;fuxi_use_latent=1;fuxi_use_pos=1;fuxi_use_time=1;l2=0;lr=0.001;num_heads=4;num_layers=1,0.8064,0.9029,0.6752,,0.543,0.5675,0.5003,
FuXiAlpha,MovieLens_1M,2,pos1_time1_latent1_ssffn0,test,FuXiAlpha__MovieLens_1M__2__lr=0.001__l2=0__emb_size=64__num_layers=1__num_heads=4__fuxi_use_pos=1__fuxi_use_time=1__fuxi_use_latent=1__fuxi_single_stage_ffn=0__time_bu__3e35999db3,..\log\FuXiAlpha\FuXiAlpha__MovieLens_1M__2__lr=0.001__l2=0__emb_size=64__num_layers=1__num_heads=4__fuxi_use_pos=1__fuxi_use_time=1__fuxi_use_latent=1__fuxi_single_stage_ffn=0__time_bu__3e35999db3.txt,attn_dropout=0.0;emb_size=64;fuxi_single_stage_ffn=0;fuxi_use_latent=1;fuxi_use_pos=1;fuxi_use_time=1;l2=0;lr=0.001;num_heads=4;num_layers=1,0.7718,0.8742,0.6379,,0.5142,0.5404,0.4707,
FuXiAlpha,MovieLens_1M_ep50,0,pos1_time1_latent1_ssffn0,dev,FuXiAlpha__MovieLens_1M_ep50__0__lr=0.001__l2=0__emb_size=64__num_layers=1__num_heads=4__fuxi_use_pos=1__fuxi_use_time=1__fuxi_use_latent=1__fuxi_single_stage_ffn=0__ti__dcc5bb1671,..\log\FuXiAlpha\FuXiAlpha__MovieLens_1M_ep50__0__lr=0.001__l2=0__emb_size=64__num_layers=1__num_heads=4__fuxi_use_pos=1__fuxi_use_time=1__fuxi_use_latent=1__fuxi_single_stage_ffn=0__ti__dcc5bb1671.txt,attn_dropout=0.0;emb_size=64;fuxi_single_stage_ffn=0;fuxi_use_latent=1;fuxi_use_pos=1;fuxi_use_time=1;l2=0;lr=0.001;num_heads=4;num_layers=1,0.8144,0.9044,0.6957,,0.5658,0.5886,0.5272,
FuXiAlpha,MovieLens_1M_ep50,0,pos1_time1_latent1_ssffn0,test,FuXiAlpha__MovieLens_1M_ep50__0__lr=0.001__l2=0__emb_size=64__num_layers=1__num_heads=4__fuxi_use_pos=1__fuxi_use_time=1__fuxi_use_latent=1__fuxi_single_stage_ffn=0__ti__dcc5bb1671,..\log\FuXiAlpha\FuXiAlpha__MovieLens_1M_ep50__0__lr=0.001__l2=0__emb_size=64__num_layers=1__num_heads=4__fuxi_use_pos=1__fuxi_use_time=1__fuxi_use_latent=1__fuxi_single_stage_ffn=0__ti__dcc5bb1671.txt,attn_dropout=0.0;emb_size=64;fuxi_single_stage_ffn=0;fuxi_use_latent=1;fuxi_use_pos=1;fuxi_use_time=1;l2=0;lr=0.001;num_heads=4;num_layers=1,0.7864,0.882,0.6588,,0.5391,0.5635,0.4978,
FuXiAlpha,MovieLens_1M_ep50,1,pos1_time1_latent1_ssffn0,dev,FuXiAlpha__MovieLens_1M_ep50__1__lr=0.001__l2=0__emb_size=64__num_layers=1__num_heads=4__fuxi_use_pos=1__fuxi_use_time=1__fuxi_use_latent=1__fuxi_single_stage_ffn=0__ti__ab0f95e041,..\log\FuXiAlpha\FuXiAlpha__MovieLens_1M_ep50__1__lr=0.001__l2=0__emb_size=64__num_layers=1__num_heads=4__fuxi_use_pos=1__fuxi_use_time=1__fuxi_use_latent=1__fuxi_single_stage_ffn=0__ti__ab0f95e041.txt,attn_dropout=0.0;emb_size=64;fuxi_single_stage_ffn=0;fuxi_use_latent=1;fuxi_use_pos=1;fuxi_use_time=1;l2=0;lr=0.001;num_heads=4;num_layers=1,0.8146,0.9049,0.6997,,0.5634,0.5864,0.526,
FuXiAlpha,MovieLens_1M_ep50,1,pos1_time1_latent1_ssffn0,test,FuXiAlpha__MovieLens_1M_ep50__1__lr=0.001__l2=0__emb_size=64__num_layers=1__num_heads=4__fuxi_use_pos=1__fuxi_use_time=1__fuxi_use_latent=1__fuxi_single_stage_ffn=0__ti__ab0f95e041,..\log\FuXiAlpha\FuXiAlpha__MovieLens_1M_ep50__1__lr=0.001__l2=0__emb_size=64__num_layers=1__num_heads=4__fuxi_use_pos=1__fuxi_use_time=1__fuxi_use_latent=1__fuxi_single_stage_ffn=0__ti__ab0f95e041.txt,attn_dropout=0.0;emb_size=64;fuxi_single_stage_ffn=0;fuxi_use_latent=1;fuxi_use_pos=1;fuxi_use_time=1;l2=0;lr=0.001;num_heads=4;num_layers=1,0.7804,0.8833,0.6579,,0.5368,0.5629,0.4971,
FuXiAlpha,MovieLens_1M_ep50,2,pos1_time1_latent1_ssffn0,dev,FuXiAlpha__MovieLens_1M_ep50__2__lr=0.001__l2=0__emb_size=64__num_layers=1__num_heads=4__fuxi_use_pos=1__fuxi_use_time=1__fuxi_use_latent=1__fuxi_single_stage_ffn=0__ti__0e5e299b31,..\log\FuXiAlpha\FuXiAlpha__MovieLens_1M_ep50__2__lr=0.001__l2=0__emb_size=64__num_layers=1__num_heads=4__fuxi_use_pos=1__fuxi_use_time=1__fuxi_use_latent=1__fuxi_single_stage_ffn=0__ti__0e5e299b31.txt,attn_dropout=0.0;emb_size=64;fuxi_single_stage_ffn=0;fuxi_use_latent=1;fuxi_use_pos=1;fuxi_use_time=1;l2=0;lr=0.001;num_heads=4;num_layers=1,0.8169,0.9062,0.6982,,0.5699,0.5925,0.5311,
FuXiAlpha,MovieLens_1M_ep50,2,pos1_time1_latent1_ssffn0,test,FuXiAlpha__MovieLens_1M_ep50__2__lr=0.001__l2=0__emb_size=64__num_layers=1__num_heads=4__fuxi_use_pos=1__fuxi_use_time=1__fuxi_use_latent=1__fuxi_single_stage_ffn=0__ti__0e5e299b31,..\log\FuXiAlpha\FuXiAlpha__MovieLens_1M_ep50__2__lr=0.001__l2=0__emb_size=64__num_layers=1__num_heads=4__fuxi_use_pos=1__fuxi_use_time=1__fuxi_use_latent=1__fuxi_single_stage_ffn=0__ti__0e5e299b31.txt,attn_dropout=0.0;emb_size=64;fuxi_single_stage_ffn=0;fuxi_use_latent=1;fuxi_use_pos=1;fuxi_use_time=1;l2=0;lr=0.001;num_heads=4;num_layers=1,0.7839,0.8802,0.6603,,0.5374,0.5619,0.4973,
FuXiAlpha,MovieLens_1M_ep50_abla,0,pos1_time1_latent1_ssffn0_noams,dev,FuXiAlpha__MovieLens_1M_ep50_abla__0__lr=0.001__l2=0.0__emb_size=64__num_layers=1__num_heads=4__fuxi_use_ams=0__fuxi_use_pos=1__fuxi_use_time=1__fuxi_use_latent=1__fuxi__d723d4d3ab,..\log\FuXiAlpha\FuXiAlpha__MovieLens_1M_ep50_abla__0__lr=0.001__l2=0.0__emb_size=64__num_layers=1__num_heads=4__fuxi_use_ams=0__fuxi_use_pos=1__fuxi_use_time=1__fuxi_use_latent=1__fuxi__d723d4d3ab.txt,attn_dropout=0.0;emb_size=64;fuxi_single_stage_ffn=0;fuxi_use_ams=0;fuxi_use_latent=1;fuxi_use_pos=1;fuxi_use_time=1;l2=0.0;lr=0.001;num_heads=4;num_layers=1,0.8142,0.9026,0.6932,0.9791,0.5631,0.5856,0.5237,0.6011
FuXiAlpha,MovieLens_1M_ep50_abla,0,pos1_time1_latent1_ssffn0_noams,test,FuXiAlpha__MovieLens_1M_ep50_abla__0__lr=0.001__l2=0.0__emb_size=64__num_layers=1__num_heads=4__fuxi_use_ams=0__fuxi_use_pos=1__fuxi_use_time=1__fuxi_use_latent=1__fuxi__d723d4d3ab,..\log\FuXiAlpha\FuXiAlpha__MovieLens_1M_ep50_abla__0__lr=0.001__l2=0.0__emb_size=64__num_layers=1__num_heads=4__fuxi_use_ams=0__fuxi_use_pos=1__fuxi_use_time=1__fuxi_use_latent=1__fuxi__d723d4d3ab.txt,attn_dropout=0.0;emb_size=64;fuxi_single_stage_ffn=0;fuxi_use_ams=0;fuxi_use_latent=1;fuxi_use_pos=1;fuxi_use_time=1;l2=0.0;lr=0.001;num_heads=4;num_layers=1,0.7784,0.8762,0.6545,0.9712,0.5326,0.5573,0.4922,0.5765
FuXiAlpha,MovieLens_1M_ep50_abla,0,pos0_time1_latent1_ssffn0,dev,FuXiAlpha__MovieLens_1M_ep50_abla__0__lr=0.001__l2=0.0__emb_size=64__num_layers=1__num_heads=4__fuxi_use_pos=0__fuxi_use_time=1__fuxi_use_latent=1__fuxi_single_stage_ff__4812389423,..\log\FuXiAlpha\FuXiAlpha__MovieLens_1M_ep50_abla__0__lr=0.001__l2=0.0__emb_size=64__num_layers=1__num_heads=4__fuxi_use_pos=0__fuxi_use_time=1__fuxi_use_latent=1__fuxi_single_stage_ff__4812389423.txt,attn_dropout=0.0;emb_size=64;fuxi_single_stage_ffn=0;fuxi_use_latent=1;fuxi_use_pos=0;fuxi_use_time=1;l2=0.0;lr=0.001;num_heads=4;num_layers=1,0.8174,0.9055,0.6904,0.9806,0.5681,0.5906,0.5269,0.6057
FuXiAlpha,MovieLens_1M_ep50_abla,0,pos0_time1_latent1_ssffn0,test,FuXiAlpha__MovieLens_1M_ep50_abla__0__lr=0.001__l2=0.0__emb_size=64__num_layers=1__num_heads=4__fuxi_use_pos=0__fuxi_use_time=1__fuxi_use_latent=1__fuxi_single_stage_ff__4812389423,..\log\FuXiAlpha\FuXiAlpha__MovieLens_1M_ep50_abla__0__lr=0.001__l2=0.0__emb_size=64__num_layers=1__num_heads=4__fuxi_use_pos=0__fuxi_use_time=1__fuxi_use_latent=1__fuxi_single_stage_ff__4812389423.txt,attn_dropout=0.0;emb_size=64;fuxi_single_stage_ffn=0;fuxi_use_latent=1;fuxi_use_pos=0;fuxi_use_time=1;l2=0.0;lr=0.001;num_heads=4;num_layers=1,0.7806,0.8823,0.6546,0.9712,0.5368,0.5626,0.4958,0.5804
FuXiAlpha,MovieLens_1M_ep50_abla,0,pos1_time0_latent1_ssffn0,dev,FuXiAlpha__MovieLens_1M_ep50_abla__0__lr=0.001__l2=0.0__emb_size=64__num_layers=1__num_heads=4__fuxi_use_pos=1__fuxi_use_time=0__fuxi_use_latent=1__fuxi_single_stage_ff__14957074f3,..\log\FuXiAlpha\FuXiAlpha__MovieLens_1M_ep50_abla__0__lr=0.001__l2=0.0__emb_size=64__num_layers=1__num_heads=4__fuxi_use_pos=1__fuxi_use_time=0__fuxi_use_latent=1__fuxi_single_stage_ff__14957074f3.txt,attn_dropout=0.0;emb_size=64;fuxi_single_stage_ffn=0;fuxi_use_latent=1;fuxi_use_pos=1;fuxi_use_time=0;l2=0.0;lr=0.001;num_heads=4;num_layers=1,0.8126,0.9037,0.6906,0.9811,0.5675,0.5906,0.5278,0.6062
FuXiAlpha,MovieLens_1M_ep50_abla,0,pos1_time0_latent1_ssffn0,test,FuXiAlpha__MovieLens_1M_ep50_abla__0__lr=0.001__l2=0.0__emb_size=64__num_layers=1__num_heads=4__fuxi_use_pos=1__fuxi_use_time=0__fuxi_use_latent=1__fuxi_single_stage_ff__14957074f3,..\log\FuXiAlpha\FuXiAlpha__MovieLens_1M_ep50_abla__0__lr=0.001__l2=0.0__emb_size=64__num_layers=1__num_heads=4__fuxi_use_pos=1__fuxi_use_time=0__fuxi_use_latent=1__fuxi_single_stage_ff__14957074f3.txt,attn_dropout=0.0;emb_size=64;fuxi_single_stage_ffn=0;fuxi_use_latent=1;fuxi_use_pos=1;fuxi_use_time=0;l2=0.0;lr=0.001;num_heads=4;num_layers=1,0.7849,0.8805,0.6576,0.971,0.5384,0.5627,0.497,0.5809
FuXiAlpha,MovieLens_1M_ep50_abla,0,pos1_time1_latent1_ssffn1,dev,FuXiAlpha__MovieLens_1M_ep50_abla__0__lr=0.001__l2=0.0__emb_size=64__num_layers=1__num_heads=4__fuxi_use_pos=1__fuxi_use_time=1__fuxi_use_latent=1__fuxi_single_stage_ff__2fe5f1f386,..\log\FuXiAlpha\FuXiAlpha__MovieLens_1M_ep50_abla__0__lr=0.001__l2=0.0__emb_size=64__num_layers=1__num_heads=4__fuxi_use_pos=1__fuxi_use_time=1__fuxi_use_latent=1__fuxi_single_stage_ff__2fe5f1f386.txt,attn_dropout=0.0;emb_size=64;fuxi_single_stage_ffn=1;fuxi_use_latent=1;fuxi_use_pos=1;fuxi_use_time=1;l2=0.0;lr=0.001;num_heads=4;num_layers=1,0.801,0.8974,0.6752,0.9799,0.5462,0.5707,0.5052,0.5874
FuXiAlpha,MovieLens_1M_ep50_abla,0,pos1_time1_latent1_ssffn1,test,FuXiAlpha__MovieLens_1M_ep50_abla__0__lr=0.001__l2=0.0__emb_size=64__num_layers=1__num_heads=4__fuxi_use_pos=1__fuxi_use_time=1__fuxi_use_latent=1__fuxi_single_stage_ff__2fe5f1f386,..\log\FuXiAlpha\FuXiAlpha__MovieLens_1M_ep50_abla__0__lr=0.001__l2=0.0__emb_size=64__num_layers=1__num_heads=4__fuxi_use_pos=1__fuxi_use_time=1__fuxi_use_latent=1__fuxi_single_stage_ff__2fe5f1f386.txt,attn_dropout=0.0;emb_size=64;fuxi_single_stage_ffn=1;fuxi_use_latent=1;fuxi_use_pos=1;fuxi_use_time=1;l2=0.0;lr=0.001;num_heads=4;num_layers=1,0.766,0.8759,0.6311,0.9688,0.519,0.547,0.4751,0.5656
FuXiAlpha,MovieLens_1M_ep50_abla,0,pos1_time1_latent1_ssffn0,dev,FuXiAlpha__MovieLens_1M_ep50_abla__0__lr=0.001__l2=0.0__emb_size=64__num_layers=1__num_heads=4__fuxi_use_pos=1__fuxi_use_time=1__fuxi_use_latent=1__fuxi_single_stage_ff__fd889a6c7c,..\log\FuXiAlpha\FuXiAlpha__MovieLens_1M_ep50_abla__0__lr=0.001__l2=0.0__emb_size=64__num_layers=1__num_heads=4__fuxi_use_pos=1__fuxi_use_time=1__fuxi_use_latent=1__fuxi_single_stage_ff__fd889a6c7c.txt,attn_dropout=0.0;emb_size=64;fuxi_single_stage_ffn=0;fuxi_use_latent=1;fuxi_use_pos=1;fuxi_use_time=1;l2=0.0;lr=0.001;num_heads=4;num_layers=1,0.8144,0.9044,0.6957,0.9809,0.5658,0.5886,0.5272,0.6041
FuXiAlpha,MovieLens_1M_ep50_abla,0,pos1_time1_latent1_ssffn0,test,FuXiAlpha__MovieLens_1M_ep50_abla__0__lr=0.001__l2=0.0__emb_size=64__num_layers=1__num_heads=4__fuxi_use_pos=1__fuxi_use_time=1__fuxi_use_latent=1__fuxi_single_stage_ff__fd889a6c7c,..\log\FuXiAlpha\FuXiAlpha__MovieLens_1M_ep50_abla__0__lr=0.001__l2=0.0__emb_size=64__num_layers=1__num_heads=4__fuxi_use_pos=1__fuxi_use_time=1__fuxi_use_latent=1__fuxi_single_stage_ff__fd889a6c7c.txt,attn_dropout=0.0;emb_size=64;fuxi_single_stage_ffn=0;fuxi_use_latent=1;fuxi_use_pos=1;fuxi_use_time=1;l2=0.0;lr=0.001;num_heads=4;num_layers=1,0.7864,0.882,0.6588,0.9712,0.5391,0.5635,0.4978,0.5814
FuXiAlpha,MovieLens_1M_ep50_abla,1,pos0_time1_latent1_ssffn0,dev,FuXiAlpha__MovieLens_1M_ep50_abla__1__lr=0.001__l2=0.0__emb_size=64__num_layers=1__num_heads=4__fuxi_use_pos=0__fuxi_use_time=1__fuxi_use_latent=1__fuxi_single_stage_ff__fb728d4ad9,..\log\FuXiAlpha\FuXiAlpha__MovieLens_1M_ep50_abla__1__lr=0.001__l2=0.0__emb_size=64__num_layers=1__num_heads=4__fuxi_use_pos=0__fuxi_use_time=1__fuxi_use_latent=1__fuxi_single_stage_ff__fb728d4ad9.txt,attn_dropout=0.0;emb_size=64;fuxi_single_stage_ffn=0;fuxi_use_latent=1;fuxi_use_pos=0;fuxi_use_time=1;l2=0.0;lr=0.001;num_heads=4;num_layers=1,0.8194,0.9027,0.7043,0.9798,0.5724,0.5936,0.5351,0.6092
FuXiAlpha,MovieLens_1M_ep50_abla,1,pos0_time1_latent1_ssffn0,test,FuXiAlpha__MovieLens_1M_ep50_abla__1__lr=0.001__l2=0.0__emb_size=64__num_layers=1__num_heads=4__fuxi_use_pos=0__fuxi_use_time=1__fuxi_use_latent=1__fuxi_single_stage_ff__fb728d4ad9,..\log\FuXiAlpha\FuXiAlpha__MovieLens_1M_ep50_abla__1__lr=0.001__l2=0.0__emb_size=64__num_layers=1__num_heads=4__fuxi_use_pos=0__fuxi_use_time=1__fuxi_use_latent=1__fuxi_single_stage_ff__fb728d4ad9.txt,attn_dropout=0.0;emb_size=64;fuxi_single_stage_ffn=0;fuxi_use_latent=1;fuxi_use_pos=0;fuxi_use_time=1;l2=0.0;lr=0.001;num_heads=4;num_layers=1,0.7852,0.8807,0.6619,0.9715,0.5412,0.5654,0.5011,0.5836
FuXiAlpha,MovieLens_1M_ep50_abla,1,pos1_time0_latent1_ssffn0,dev,FuXiAlpha__MovieLens_1M_ep50_abla__1__lr=0.001__l2=0.0__emb_size=64__num_layers=1__num_heads=4__fuxi_use_pos=1__fuxi_use_time=0__fuxi_use_latent=1__fuxi_single_stage_ff__bb67ee540e,..\log\FuXiAlpha\FuXiAlpha__MovieLens_1M_ep50_abla__1__lr=0.001__l2=0.0__emb_size=64__num_layers=1__num_heads=4__fuxi_use_pos=1__fuxi_use_time=0__fuxi_use_latent=1__fuxi_single_stage_ff__bb67ee540e.txt,attn_dropout=0.0;emb_size=64;fuxi_single_stage_ffn=0;fuxi_use_latent=1;fuxi_use_pos=1;fuxi_use_time=0;l2=0.0;lr=0.001;num_heads=4;num_layers=1,0.8155,0.9067,0.6969,0.9788,0.5677,0.5908,0.5291,0.6053
FuXiAlpha,MovieLens_1M_ep50_abla,1,pos1_time0_latent1_ssffn0,test,FuXiAlpha__MovieLens_1M_ep50_abla__1__lr=0.001__l2=0.0__emb_size=64__num_layers=1__num_heads=4__fuxi_use_pos=1__fuxi_use_time=0__fuxi_use_latent=1__fuxi_single_stage_ff__bb67ee540e,..\log\FuXiAlpha\FuXiAlpha__MovieLens_1M_ep50_abla__1__lr=0.001__l2=0.0__emb_size=64__num_layers=1__num_heads=4__fuxi_use_pos=1__fuxi_use_time=0__fuxi_use_latent=1__fuxi_single_stage_ff__bb67ee540e.txt,attn_dropout=0.0;emb_size=64;fuxi_single_stage_ffn=0;fuxi_use_latent=1;fuxi_use_pos=1;fuxi_use_time=0;l2=0.0;lr=0.001;num_heads=4;num_layers=1,0.7862,0.8827,0.6568,0.971,0.5371,0.5617,0.4948,0.5794
FuXiAlpha,MovieLens_1M_ep50_abla,1,pos1_time1_latent1_ssffn1,dev,FuXiAlpha__MovieLens_1M_ep50_abla__1__lr=0.001__l2=0.0__emb_size=64__num_layers=1__num_heads=4__fuxi_use_pos=1__fuxi_use_time=1__fuxi_use_latent=1__fuxi_single_stage_ff__421ba36ee4,..\log\FuXiAlpha\FuXiAlpha__MovieLens_1M_ep50_abla__1__lr=0.001__l2=0.0__emb_size=64__num_layers=1__num_heads=4__fuxi_use_pos=1__fuxi_use_time=1__fuxi_use_latent=1__fuxi_single_stage_ff__421ba36ee4.txt,attn_dropout=0.0;emb_size=64;fuxi_single_stage_ffn=1;fuxi_use_latent=1;fuxi_use_pos=1;fuxi_use_time=1;l2=0.0;lr=0.001;num_heads=4;num_layers=1,0.8053,0.9019,0.6777,0.9806,0.5519,0.5764,0.5102,0.5923
FuXiAlpha,MovieLens_1M_ep50_abla,1,pos1_time1_latent1_ssffn1,test,FuXiAlpha__MovieLens_1M_ep50_abla__1__lr=0.001__l2=0.0__emb_size=64__num_layers=1__num_heads=4__fuxi_use_pos=1__fuxi_use_time=1__fuxi_use_latent=1__fuxi_single_stage_ff__421ba36ee4,..\log\FuXiAlpha\FuXiAlpha__MovieLens_1M_ep50_abla__1__lr=0.001__l2=0.0__emb_size=64__num_layers=1__num_heads=4__fuxi_use_pos=1__fuxi_use_time=1__fuxi_use_latent=1__fuxi_single_stage_ff__421ba36ee4.txt,attn_dropout=0.0;emb_size=64;fuxi_single_stage_ffn=1;fuxi_use_latent=1;fuxi_use_pos=1;fuxi_use_time=1;l2=0.0;lr=0.001;num_heads=4;num_layers=1,0.7758,0.8775,0.6313,0.9687,0.5188,0.5446,0.4717,0.563
FuXiAlpha,MovieLens_1M_ep50_abla,1,pos1_time1_latent1_ssffn0,dev,FuXiAlpha__MovieLens_1M_ep50_abla__1__lr=0.001__l2=0.0__emb_size=64__num_layers=1__num_heads=4__fuxi_use_pos=1__fuxi_use_time=1__fuxi_use_latent=1__fuxi_single_stage_ff__ceac21d222,..\log\FuXiAlpha\FuXiAlpha__MovieLens_1M_ep50_abla__1__lr=0.001__l2=0.0__emb_size=64__num_layers=1__num_heads=4__fuxi_use_pos=1__fuxi_use_time=1__fuxi_use_latent=1__fuxi_single_stage_ff__ceac21d222.txt,attn_dropout=0.0;emb_size=64;fuxi_single_stage_ffn=0;fuxi_use_latent=1;fuxi_use_pos=1;fuxi_use_time=1;l2=0.0;lr=0.001;num_heads=4;num_layers=1,0.8146,0.9049,0.6997,0.9804,0.5634,0.5864,0.526,0.6017
FuXiAlpha,MovieLens_1M_ep50_abla,1,pos1_time1_latent1_ssffn0,test,FuXiAlpha__MovieLens_1M_ep50_abla__1__lr=0.001__l2=0.0__emb_size=64__num_layers=1__num_heads=4__fuxi_use_pos=1__fuxi_use_time=1__fuxi_use_latent=1__fuxi_single_stage_ff__ceac21d222,..\log\FuXiAlpha\FuXiAlpha__MovieLens_1M_ep50_abla__1__lr=0.001__l2=0.0__emb_size=64__num_layers=1__num_heads=4__fuxi_use_pos=1__fuxi_use_time=1__fuxi_use_latent=1__fuxi_single_stage_ff__ceac21d222.txt,attn_dropout=0.0;emb_size=64;fuxi_single_stage_ffn=0;fuxi_use_latent=1;fuxi_use_pos=1;fuxi_use_time=1;l2=0.0;lr=0.001;num_heads=4;num_layers=1,0.7804,0.8833,0.6579,0.9712,0.5368,0.5629,0.4971,0.5807
FuXiAlpha,MovieLens_1M_ep50_abla,2,pos0_time1_latent1_ssffn0,dev,FuXiAlpha__MovieLens_1M_ep50_abla__2__lr=0.001__l2=0.0__emb_size=64__num_layers=1__num_heads=4__fuxi_use_pos=0__fuxi_use_time=1__fuxi_use_latent=1__fuxi_single_stage_ff__5d287707d9,..\log\FuXiAlpha\FuXiAlpha__MovieLens_1M_ep50_abla__2__lr=0.001__l2=0.0__emb_size=64__num_layers=1__num_heads=4__fuxi_use_pos=0__fuxi_use_time=1__fuxi_use_latent=1__fuxi_single_stage_ff__5d287707d9.txt,attn_dropout=0.0;emb_size=64;fuxi_single_stage_ffn=0;fuxi_use_latent=1;fuxi_use_pos=0;fuxi_use_time=1;l2=0.0;lr=0.001;num_heads=4;num_layers=1,0.816,0.9087,0.6949,0.9788,0.5676,0.5912,0.5283,0.6054
FuXiAlpha,MovieLens_1M_ep50_abla,2,pos0_time1_latent1_ssffn0,test,FuXiAlpha__MovieLens_1M_ep50_abla__2__lr=0.001__l2=0.0__emb_size=64__num_layers=1__num_heads=4__fuxi_use_pos=0__fuxi_use_time=1__fuxi_use_latent=1__fuxi_single_stage_ff__5d287707d9,..\log\FuXiAlpha\FuXiAlpha__MovieLens_1M_ep50_abla__2__lr=0.001__l2=0.0__emb_size=64__num_layers=1__num_heads=4__fuxi_use_pos=0__fuxi_use_time=1__fuxi_use_latent=1__fuxi_single_stage_ff__5d287707d9.txt,attn_dropout=0.0;emb_size=64;fuxi_single_stage_ffn=0;fuxi_use_latent=1;fuxi_use_pos=0;fuxi_use_time=1;l2=0.0;lr=0.001;num_heads=4;num_layers=1,0.7864,0.8822,0.6563,0.9702,0.5317,0.5559,0.4893,0.5736
FuXiAlpha,MovieLens_1M_ep50_abla,2,pos1_time0_latent1_ssffn0,dev,FuXiAlpha__MovieLens_1M_ep50_abla__2__lr=0.001__l2=0.0__emb_size=64__num_layers=1__num_heads=4__fuxi_use_pos=1__fuxi_use_time=0__fuxi_use_latent=1__fuxi_single_stage_ff__93dd4dc699,..\log\FuXiAlpha\FuXiAlpha__MovieLens_1M_ep50_abla__2__lr=0.001__l2=0.0__emb_size=64__num_layers=1__num_heads=4__fuxi_use_pos=1__fuxi_use_time=0__fuxi_use_latent=1__fuxi_single_stage_ff__93dd4dc699.txt,attn_dropout=0.0;emb_size=64;fuxi_single_stage_ffn=0;fuxi_use_latent=1;fuxi_use_pos=1;fuxi_use_time=0;l2=0.0;lr=0.001;num_heads=4;num_layers=1,0.8106,0.9024,0.6899,0.9775,0.5605,0.5838,0.5213,0.5989
FuXiAlpha,MovieLens_1M_ep50_abla,2,pos1_time0_latent1_ssffn0,test,FuXiAlpha__MovieLens_1M_ep50_abla__2__lr=0.001__l2=0.0__emb_size=64__num_layers=1__num_heads=4__fuxi_use_pos=1__fuxi_use_time=0__fuxi_use_latent=1__fuxi_single_stage_ff__93dd4dc699,..\log\FuXiAlpha\FuXiAlpha__MovieLens_1M_ep50_abla__2__lr=0.001__l2=0.0__emb_size=64__num_layers=1__num_heads=4__fuxi_use_pos=1__fuxi_use_time=0__fuxi_use_latent=1__fuxi_single_stage_ff__93dd4dc699.txt,attn_dropout=0.0;emb_size=64;fuxi_single_stage_ffn=0;fuxi_use_latent=1;fuxi_use_pos=1;fuxi_use_time=0;l2=0.0;lr=0.001;num_heads=4;num_layers=1,0.7746,0.8769,0.648,0.9708,0.5245,0.5506,0.4834,0.5695
FuXiAlpha,MovieLens_1M_ep50_abla,2,pos1_time1_latent1_ssffn0,dev,FuXiAlpha__MovieLens_1M_ep50_abla__2__lr=0.001__l2=0.0__emb_size=64__num_layers=1__num_heads=4__fuxi_use_pos=1__fuxi_use_time=1__fuxi_use_latent=1__fuxi_single_stage_ff__c4a501be86,..\log\FuXiAlpha\FuXiAlpha__MovieLens_1M_ep50_abla__2__lr=0.001__l2=0.0__emb_size=64__num_layers=1__num_heads=4__fuxi_use_pos=1__fuxi_use_time=1__fuxi_use_latent=1__fuxi_single_stage_ff__c4a501be86.txt,attn_dropout=0.0;emb_size=64;fuxi_single_stage_ffn=0;fuxi_use_latent=1;fuxi_use_pos=1;fuxi_use_time=1;l2=0.0;lr=0.001;num_heads=4;num_layers=1,0.8169,0.9062,0.6982,0.978,0.5699,0.5925,0.5311,0.607
FuXiAlpha,MovieLens_1M_ep50_abla,2,pos1_time1_latent1_ssffn0,test,FuXiAlpha__MovieLens_1M_ep50_abla__2__lr=0.001__l2=0.0__emb_size=64__num_layers=1__num_heads=4__fuxi_use_pos=1__fuxi_use_time=1__fuxi_use_latent=1__fuxi_single_stage_ff__c4a501be86,..\log\FuXiAlpha\FuXiAlpha__MovieLens_1M_ep50_abla__2__lr=0.001__l2=0.0__emb_size=64__num_layers=1__num_heads=4__fuxi_use_pos=1__fuxi_use_time=1__fuxi_use_latent=1__fuxi_single_stage_ff__c4a501be86.txt,attn_dropout=0.0;emb_size=64;fuxi_single_stage_ffn=0;fuxi_use_latent=1;fuxi_use_pos=1;fuxi_use_time=1;l2=0.0;lr=0.001;num_heads=4;num_layers=1,0.7839,0.8802,0.6603,0.9705,0.5374,0.5619,0.4973,0.5801
FuXiAlpha,MovieLens_1M_ep50_abla,2,pos1_time1_latent1_ssffn1,dev,FuXiAlpha__MovieLens_1M_ep50_abla__2__lr=0.001__l2=0.0__emb_size=64__num_layers=1__num_heads=4__fuxi_use_pos=1__fuxi_use_time=1__fuxi_use_latent=1__fuxi_single_stage_ff__c8f341bb7a,..\log\FuXiAlpha\FuXiAlpha__MovieLens_1M_ep50_abla__2__lr=0.001__l2=0.0__emb_size=64__num_layers=1__num_heads=4__fuxi_use_pos=1__fuxi_use_time=1__fuxi_use_latent=1__fuxi_single_stage_ff__c8f341bb7a.txt,attn_dropout=0.0;emb_size=64;fuxi_single_stage_ffn=1;fuxi_use_latent=1;fuxi_use_pos=1;fuxi_use_time=1;l2=0.0;lr=0.001;num_heads=4;num_layers=1,0.8079,0.8991,0.67,0.9786,0.5485,0.5717,0.5037,0.5878
FuXiAlpha,MovieLens_1M_ep50_abla,2,pos1_time1_latent1_ssffn1,test,FuXiAlpha__MovieLens_1M_ep50_abla__2__lr=0.001__l2=0.0__emb_size=64__num_layers=1__num_heads=4__fuxi_use_pos=1__fuxi_use_time=1__fuxi_use_latent=1__fuxi_single_stage_ff__c8f341bb7a,..\log\FuXiAlpha\FuXiAlpha__MovieLens_1M_ep50_abla__2__lr=0.001__l2=0.0__emb_size=64__num_layers=1__num_heads=4__fuxi_use_pos=1__fuxi_use_time=1__fuxi_use_latent=1__fuxi_single_stage_ff__c8f341bb7a.txt,attn_dropout=0.0;emb_size=64;fuxi_single_stage_ffn=1;fuxi_use_latent=1;fuxi_use_pos=1;fuxi_use_time=1;l2=0.0;lr=0.001;num_heads=4;num_layers=1,0.7663,0.8745,0.6314,0.9693,0.5151,0.5427,0.4714,0.5618
FuXiAlpha,MovieLens_1M_ep50_h50_full_vs_wotime,0,pos1_time0_latent1_ssffn0,dev,FuXiAlpha__MovieLens_1M_ep50_h50_full_vs_wotime__0__lr=0.001__l2=0.0__emb_size=64__num_layers=1__num_heads=4__fuxi_use_pos=1__fuxi_use_time=0__fuxi_use_latent=1__fuxi_s__544231c97b,..\log\FuXiAlpha\FuXiAlpha__MovieLens_1M_ep50_h50_full_vs_wotime__0__lr=0.001__l2=0.0__emb_size=64__num_layers=1__num_heads=4__fuxi_use_pos=1__fuxi_use_time=0__fuxi_use_latent=1__fuxi_s__544231c97b.txt,attn_dropout=0.0;emb_size=64;fuxi_single_stage_ffn=0;fuxi_use_latent=1;fuxi_use_pos=1;fuxi_use_time=0;l2=0.0;lr=0.001;num_heads=4;num_layers=1,0.8179,0.9019,0.6995,0.979,0.5686,0.5901,0.5301,0.6057
FuXiAlpha,MovieLens_1M_ep50_h50_full_vs_wotime,0,pos1_time0_latent1_ssffn0,test,FuXiAlpha__MovieLens_1M_ep50_h50_full_vs_wotime__0__lr=0.001__l2=0.0__emb_size=64__num_layers=1__num_heads=4__fuxi_use_pos=1__fuxi_use_time=0__fuxi_use_latent=1__fuxi_s__544231c97b,..\log\FuXiAlpha\FuXiAlpha__MovieLens_1M_ep50_h50_full_vs_wotime__0__lr=0.001__l2=0.0__emb_size=64__num_layers=1__num_heads=4__fuxi_use_pos=1__fuxi_use_time=0__fuxi_use_latent=1__fuxi_s__544231c97b.txt,attn_dropout=0.0;emb_size=64;fuxi_single_stage_ffn=0;fuxi_use_latent=1;fuxi_use_pos=1;fuxi_use_time=0;l2=0.0;lr=0.001;num_heads=4;num_layers=1,0.7837,0.8868,0.6603,0.9732,0.5367,0.5629,0.4965,0.5803
FuXiAlpha,MovieLens_1M_ep50_h50_full_vs_wotime,0,pos1_time1_latent1_ssffn0,dev,FuXiAlpha__MovieLens_1M_ep50_h50_full_vs_wotime__0__lr=0.001__l2=0.0__emb_size=64__num_layers=1__num_heads=4__fuxi_use_pos=1__fuxi_use_time=1__fuxi_use_latent=1__fuxi_s__04b62a9e00,..\log\FuXiAlpha\FuXiAlpha__MovieLens_1M_ep50_h50_full_vs_wotime__0__lr=0.001__l2=0.0__emb_size=64__num_layers=1__num_heads=4__fuxi_use_pos=1__fuxi_use_time=1__fuxi_use_latent=1__fuxi_s__04b62a9e00.txt,attn_dropout=0.0;emb_size=64;fuxi_single_stage_ffn=0;fuxi_use_latent=1;fuxi_use_pos=1;fuxi_use_time=1;l2=0.0;lr=0.001;num_heads=4;num_layers=1,0.823,0.9098,0.6977,0.9799,0.5725,0.5946,0.5318,0.6087
FuXiAlpha,MovieLens_1M_ep50_h50_full_vs_wotime,0,pos1_time1_latent1_ssffn0,test,FuXiAlpha__MovieLens_1M_ep50_h50_full_vs_wotime__0__lr=0.001__l2=0.0__emb_size=64__num_layers=1__num_heads=4__fuxi_use_pos=1__fuxi_use_time=1__fuxi_use_latent=1__fuxi_s__04b62a9e00,..\log\FuXiAlpha\FuXiAlpha__MovieLens_1M_ep50_h50_full_vs_wotime__0__lr=0.001__l2=0.0__emb_size=64__num_layers=1__num_heads=4__fuxi_use_pos=1__fuxi_use_time=1__fuxi_use_latent=1__fuxi_s__04b62a9e00.txt,attn_dropout=0.0;emb_size=64;fuxi_single_stage_ffn=0;fuxi_use_latent=1;fuxi_use_pos=1;fuxi_use_time=1;l2=0.0;lr=0.001;num_heads=4;num_layers=1,0.792,0.8861,0.668,0.9746,0.5438,0.5677,0.5037,0.5855
FuXiAlpha,MovieLens_1M_ep50_h50_full_vs_wotime,1,pos1_time0_latent1_ssffn0,dev,FuXiAlpha__MovieLens_1M_ep50_h50_full_vs_wotime__1__lr=0.001__l2=0.0__emb_size=64__num_layers=1__num_heads=4__fuxi_use_pos=1__fuxi_use_time=0__fuxi_use_latent=1__fuxi_s__42b670dead,..\log\FuXiAlpha\FuXiAlpha__MovieLens_1M_ep50_h50_full_vs_wotime__1__lr=0.001__l2=0.0__emb_size=64__num_layers=1__num_heads=4__fuxi_use_pos=1__fuxi_use_time=0__fuxi_use_latent=1__fuxi_s__42b670dead.txt,attn_dropout=0.0;emb_size=64;fuxi_single_stage_ffn=0;fuxi_use_latent=1;fuxi_use_pos=1;fuxi_use_time=0;l2=0.0;lr=0.001;num_heads=4;num_layers=1,0.8184,0.9087,0.6884,0.9796,0.5639,0.5869,0.5218,0.6012
FuXiAlpha,MovieLens_1M_ep50_h50_full_vs_wotime,1,pos1_time0_latent1_ssffn0,test,FuXiAlpha__MovieLens_1M_ep50_h50_full_vs_wotime__1__lr=0.001__l2=0.0__emb_size=64__num_layers=1__num_heads=4__fuxi_use_pos=1__fuxi_use_time=0__fuxi_use_latent=1__fuxi_s__42b670dead,..\log\FuXiAlpha\FuXiAlpha__MovieLens_1M_ep50_h50_full_vs_wotime__1__lr=0.001__l2=0.0__emb_size=64__num_layers=1__num_heads=4__fuxi_use_pos=1__fuxi_use_time=0__fuxi_use_latent=1__fuxi_s__42b670dead.txt,attn_dropout=0.0;emb_size=64;fuxi_single_stage_ffn=0;fuxi_use_latent=1;fuxi_use_pos=1;fuxi_use_time=0;l2=0.0;lr=0.001;num_heads=4;num_layers=1,0.7822,0.8838,0.6526,0.9748,0.5331,0.559,0.4911,0.5773
FuXiAlpha,MovieLens_1M_ep50_h50_full_vs_wotime,1,pos1_time1_latent1_ssffn0,dev,FuXiAlpha__MovieLens_1M_ep50_h50_full_vs_wotime__1__lr=0.001__l2=0.0__emb_size=64__num_layers=1__num_heads=4__fuxi_use_pos=1__fuxi_use_time=1__fuxi_use_latent=1__fuxi_s__7d2739e137,..\log\FuXiAlpha\FuXiAlpha__MovieLens_1M_ep50_h50_full_vs_wotime__1__lr=0.001__l2=0.0__emb_size=64__num_layers=1__num_heads=4__fuxi_use_pos=1__fuxi_use_time=1__fuxi_use_latent=1__fuxi_s__7d2739e137.txt,attn_dropout=0.0;emb_size=64;fuxi_single_stage_ffn=0;fuxi_use_latent=1;fuxi_use_pos=1;fuxi_use_time=1;l2=0.0;lr=0.001;num_heads=4;num_layers=1,0.8136,0.9062,0.6932,0.9811,0.5646,0.5884,0.5255,0.6035
FuXiAlpha,MovieLens_1M_ep50_h50_full_vs_wotime,1,pos1_time1_latent1_ssffn0,test,FuXiAlpha__MovieLens_1M_ep50_h50_full_vs_wotime__1__lr=0.001__l2=0.0__emb_size=64__num_layers=1__num_heads=4__fuxi_use_pos=1__fuxi_use_time=1__fuxi_use_latent=1__fuxi_s__7d2739e137,..\log\FuXiAlpha\FuXiAlpha__MovieLens_1M_ep50_h50_full_vs_wotime__1__lr=0.001__l2=0.0__emb_size=64__num_layers=1__num_heads=4__fuxi_use_pos=1__fuxi_use_time=1__fuxi_use_latent=1__fuxi_s__7d2739e137.txt,attn_dropout=0.0;emb_size=64;fuxi_single_stage_ffn=0;fuxi_use_latent=1;fuxi_use_pos=1;fuxi_use_time=1;l2=0.0;lr=0.001;num_heads=4;num_layers=1,0.7855,0.8863,0.6561,0.9753,0.5342,0.5598,0.492,0.5777
FuXiAlpha,MovieLens_1M_ep50_h50_full_vs_wotime,2,pos1_time0_latent1_ssffn0,dev,FuXiAlpha__MovieLens_1M_ep50_h50_full_vs_wotime__2__lr=0.001__l2=0.0__emb_size=64__num_layers=1__num_heads=4__fuxi_use_pos=1__fuxi_use_time=0__fuxi_use_latent=1__fuxi_s__b684d5b7ac,..\log\FuXiAlpha\FuXiAlpha__MovieLens_1M_ep50_h50_full_vs_wotime__2__lr=0.001__l2=0.0__emb_size=64__num_layers=1__num_heads=4__fuxi_use_pos=1__fuxi_use_time=0__fuxi_use_latent=1__fuxi_s__b684d5b7ac.txt,attn_dropout=0.0;emb_size=64;fuxi_single_stage_ffn=0;fuxi_use_latent=1;fuxi_use_pos=1;fuxi_use_time=0;l2=0.0;lr=0.001;num_heads=4;num_layers=1,0.8149,0.9039,0.6967,0.9796,0.572,0.5946,0.5335,0.6099
FuXiAlpha,MovieLens_1M_ep50_h50_full_vs_wotime,2,pos1_time0_latent1_ssffn0,test,FuXiAlpha__MovieLens_1M_ep50_h50_full_vs_wotime__2__lr=0.001__l2=0.0__emb_size=64__num_layers=1__num_heads=4__fuxi_use_pos=1__fuxi_use_time=0__fuxi_use_latent=1__fuxi_s__b684d5b7ac,..\log\FuXiAlpha\FuXiAlpha__MovieLens_1M_ep50_h50_full_vs_wotime__2__lr=0.001__l2=0.0__emb_size=64__num_layers=1__num_heads=4__fuxi_use_pos=1__fuxi_use_time=0__fuxi_use_latent=1__fuxi_s__b684d5b7ac.txt,attn_dropout=0.0;emb_size=64;fuxi_single_stage_ffn=0;fuxi_use_latent=1;fuxi_use_pos=1;fuxi_use_time=0;l2=0.0;lr=0.001;num_heads=4;num_layers=1,0.7879,0.8876,0.6579,0.9718,0.5411,0.5664,0.499,0.5834
FuXiAlpha,MovieLens_1M_ep50_h50_full_vs_wotime,2,pos1_time1_latent1_ssffn0,dev,FuXiAlpha__MovieLens_1M_ep50_h50_full_vs_wotime__2__lr=0.001__l2=0.0__emb_size=64__num_layers=1__num_heads=4__fuxi_use_pos=1__fuxi_use_time=1__fuxi_use_latent=1__fuxi_s__c60e0ffc01,..\log\FuXiAlpha\FuXiAlpha__MovieLens_1M_ep50_h50_full_vs_wotime__2__lr=0.001__l2=0.0__emb_size=64__num_layers=1__num_heads=4__fuxi_use_pos=1__fuxi_use_time=1__fuxi_use_latent=1__fuxi_s__c60e0ffc01.txt,attn_dropout=0.0;emb_size=64;fuxi_single_stage_ffn=0;fuxi_use_latent=1;fuxi_use_pos=1;fuxi_use_time=1;l2=0.0;lr=0.001;num_heads=4;num_layers=1,0.8228,0.909,0.702,0.9801,0.5724,0.5943,0.5333,0.6087
FuXiAlpha,MovieLens_1M_ep50_h50_full_vs_wotime,2,pos1_time1_latent1_ssffn0,test,FuXiAlpha__MovieLens_1M_ep50_h50_full_vs_wotime__2__lr=0.001__l2=0.0__emb_size=64__num_layers=1__num_heads=4__fuxi_use_pos=1__fuxi_use_time=1__fuxi_use_latent=1__fuxi_s__c60e0ffc01,..\log\FuXiAlpha\FuXiAlpha__MovieLens_1M_ep50_h50_full_vs_wotime__2__lr=0.001__l2=0.0__emb_size=64__num_layers=1__num_heads=4__fuxi_use_pos=1__fuxi_use_time=1__fuxi_use_latent=1__fuxi_s__c60e0ffc01.txt,attn_dropout=0.0;emb_size=64;fuxi_single_stage_ffn=0;fuxi_use_latent=1;fuxi_use_pos=1;fuxi_use_time=1;l2=0.0;lr=0.001;num_heads=4;num_layers=1,0.7904,0.8868,0.6619,0.9763,0.5408,0.5653,0.499,0.5833
FuXiAlpha,MovieLens_1M_ml1m_fuxi_sweep_big_s0_e30,0,pos1_time1_latent1_ssffn0,dev,FuXiAlpha__MovieLens_1M_ml1m_fuxi_sweep_big_s0_e30__0__lr=0.001__l2=0__emb_size=64__num_layers=1__num_heads=2__fuxi_use_pos=1__fuxi_use_time=1__fuxi_use_latent=1__fuxi___acb52b3894,..\log\FuXiAlpha\FuXiAlpha__MovieLens_1M_ml1m_fuxi_sweep_big_s0_e30__0__lr=0.001__l2=0__emb_size=64__num_layers=1__num_heads=2__fuxi_use_pos=1__fuxi_use_time=1__fuxi_use_latent=1__fuxi___acb52b3894.txt,attn_dropout=0.0;emb_size=64;fuxi_single_stage_ffn=0;fuxi_use_latent=1;fuxi_use_pos=1;fuxi_use_time=1;l2=0;lr=0.001;num_heads=2;num_layers=1,0.7454,0.8745,0.589,,0.4674,0.5004,0.4168,
FuXiAlpha,MovieLens_1M_ml1m_fuxi_sweep_big_s0_e30,0,pos1_time1_latent1_ssffn0,test,FuXiAlpha__MovieLens_1M_ml1m_fuxi_sweep_big_s0_e30__0__lr=0.001__l2=0__emb_size=64__num_layers=1__num_heads=2__fuxi_use_pos=1__fuxi_use_time=1__fuxi_use_latent=1__fuxi___acb52b3894,..\log\FuXiAlpha\FuXiAlpha__MovieLens_1M_ml1m_fuxi_sweep_big_s0_e30__0__lr=0.001__l2=0__emb_size=64__num_layers=1__num_heads=2__fuxi_use_pos=1__fuxi_use_time=1__fuxi_use_latent=1__fuxi___acb52b3894.txt,attn_dropout=0.0;emb_size=64;fuxi_single_stage_ffn=0;fuxi_use_latent=1;fuxi_use_pos=1;fuxi_use_time=1;l2=0;lr=0.001;num_heads=2;num_layers=1,0.7043,0.8406,0.5449,,0.4389,0.4736,0.3873,
FuXiAlpha,MovieLens_1M_ml1m_fuxi_sweep_s0_e30_small12_ss0,0,pos1_time1_latent1_ssffn0,dev,FuXiAlpha__MovieLens_1M_ml1m_fuxi_sweep_s0_e30_small12_ss0__0__lr=0.0005__l2=0__emb_size=64__num_layers=1__num_heads=4__fuxi_use_pos=1__fuxi_use_time=1__fuxi_use_latent__60afd624ba,..\log\FuXiAlpha\FuXiAlpha__MovieLens_1M_ml1m_fuxi_sweep_s0_e30_small12_ss0__0__lr=0.0005__l2=0__emb_size=64__num_layers=1__num_heads=4__fuxi_use_pos=1__fuxi_use_time=1__fuxi_use_latent__60afd624ba.txt,attn_dropout=0.0;emb_size=64;fuxi_single_stage_ffn=0;fuxi_use_latent=1;fuxi_use_pos=1;fuxi_use_time=1;l2=0;lr=0.0005;num_heads=4;num_layers=1,0.8169,0.9026,0.6934,,0.5654,0.5872,0.5253,
FuXiAlpha,MovieLens_1M_ml1m_fuxi_sweep_s0_e30_small12_ss0,0,pos1_time1_latent1_ssffn0,test,FuXiAlpha__MovieLens_1M_ml1m_fuxi_sweep_s0_e30_small12_ss0__0__lr=0.0005__l2=0__emb_size=64__num_layers=1__num_heads=4__fuxi_use_pos=1__fuxi_use_time=1__fuxi_use_latent__60afd624ba,..\log\FuXiAlpha\FuXiAlpha__MovieLens_1M_ml1m_fuxi_sweep_s0_e30_small12_ss0__0__lr=0.0005__l2=0__emb_size=64__num_layers=1__num_heads=4__fuxi_use_pos=1__fuxi_use_time=1__fuxi_use_latent__60afd624ba.txt,attn_dropout=0.0;emb_size=64;fuxi_single_stage_ffn=0;fuxi_use_latent=1;fuxi_use_pos=1;fuxi_use_time=1;l2=0;lr=0.0005;num_heads=4;num_layers=1,0.7826,0.8777,0.6545,,0.5328,0.557,0.491,
FuXiAlpha,MovieLens_1M_ml1m_fuxi_sweep_s0_e30_small12_ss0,0,pos1_time1_latent1_ssffn0,dev,FuXiAlpha__MovieLens_1M_ml1m_fuxi_sweep_s0_e30_small12_ss0__0__lr=0.0005__l2=0__emb_size=64__num_layers=1__num_heads=4__fuxi_use_pos=1__fuxi_use_time=1__fuxi_use_latent__988ebd3f1c,..\log\FuXiAlpha\FuXiAlpha__MovieLens_1M_ml1m_fuxi_sweep_s0_e30_small12_ss0__0__lr=0.0005__l2=0__emb_size=64__num_layers=1__num_heads=4__fuxi_use_pos=1__fuxi_use_time=1__fuxi_use_latent__988ebd3f1c.txt,attn_dropout=0.1;emb_size=64;fuxi_single_stage_ffn=0;fuxi_use_latent=1;fuxi_use_pos=1;fuxi_use_time=1;l2=0;lr=0.0005;num_heads=4;num_layers=1,0.817,0.9079,0.6954,,0.5621,0.5851,0.5225,
FuXiAlpha,MovieLens_1M_ml1m_fuxi_sweep_s0_e30_small12_ss0,0,pos1_time1_latent1_ssffn0,test,FuXiAlpha__MovieLens_1M_ml1m_fuxi_sweep_s0_e30_small12_ss0__0__lr=0.0005__l2=0__emb_size=64__num_layers=1__num_heads=4__fuxi_use_pos=1__fuxi_use_time=1__fuxi_use_latent__988ebd3f1c,..\log\FuXiAlpha\FuXiAlpha__MovieLens_1M_ml1m_fuxi_sweep_s0_e30_small12_ss0__0__lr=0.0005__l2=0__emb_size=64__num_layers=1__num_heads=4__fuxi_use_pos=1__fuxi_use_time=1__fuxi_use_latent__988ebd3f1c.txt,attn_dropout=0.1;emb_size=64;fuxi_single_stage_ffn=0;fuxi_use_latent=1;fuxi_use_pos=1;fuxi_use_time=1;l2=0;lr=0.0005;num_heads=4;num_layers=1,0.7761,0.8837,0.6569,,0.5327,0.5602,0.4941,
FuXiAlpha,MovieLens_1M_ml1m_fuxi_sweep_s0_e30_small12_ss0,0,pos1_time1_latent1_ssffn0,dev,FuXiAlpha__MovieLens_1M_ml1m_fuxi_sweep_s0_e30_small12_ss0__0__lr=0.0005__l2=0__emb_size=64__num_layers=2__num_heads=4__fuxi_use_pos=1__fuxi_use_time=1__fuxi_use_latent__1027c77b42,..\log\FuXiAlpha\FuXiAlpha__MovieLens_1M_ml1m_fuxi_sweep_s0_e30_small12_ss0__0__lr=0.0005__l2=0__emb_size=64__num_layers=2__num_heads=4__fuxi_use_pos=1__fuxi_use_time=1__fuxi_use_latent__1027c77b42.txt,attn_dropout=0.0;emb_size=64;fuxi_single_stage_ffn=0;fuxi_use_latent=1;fuxi_use_pos=1;fuxi_use_time=1;l2=0;lr=0.0005;num_heads=4;num_layers=2,0.8154,0.9059,0.6924,,0.5628,0.5858,0.5225,
FuXiAlpha,MovieLens_1M_ml1m_fuxi_sweep_s0_e30_small12_ss0,0,pos1_time1_latent1_ssffn0,test,FuXiAlpha__MovieLens_1M_ml1m_fuxi_sweep_s0_e30_small12_ss0__0__lr=0.0005__l2=0__emb_size=64__num_layers=2__num_heads=4__fuxi_use_pos=1__fuxi_use_time=1__fuxi_use_latent__1027c77b42,..\log\FuXiAlpha\FuXiAlpha__MovieLens_1M_ml1m_fuxi_sweep_s0_e30_small12_ss0__0__lr=0.0005__l2=0__emb_size=64__num_layers=2__num_heads=4__fuxi_use_pos=1__fuxi_use_time=1__fuxi_use_latent__1027c77b42.txt,attn_dropout=0.0;emb_size=64;fuxi_single_stage_ffn=0;fuxi_use_latent=1;fuxi_use_pos=1;fuxi_use_time=1;l2=0;lr=0.0005;num_heads=4;num_layers=2,0.7834,0.8815,0.6566,,0.5357,0.5606,0.4944,
FuXiAlpha,MovieLens_1M_ml1m_fuxi_sweep_s0_e30_small12_ss0,0,pos1_time1_latent1_ssffn0,dev,FuXiAlpha__MovieLens_1M_ml1m_fuxi_sweep_s0_e30_small12_ss0__0__lr=0.0005__l2=0__emb_size=64__num_layers=2__num_heads=4__fuxi_use_pos=1__fuxi_use_time=1__fuxi_use_latent__cb64e9fb79,..\log\FuXiAlpha\FuXiAlpha__MovieLens_1M_ml1m_fuxi_sweep_s0_e30_small12_ss0__0__lr=0.0005__l2=0__emb_size=64__num_layers=2__num_heads=4__fuxi_use_pos=1__fuxi_use_time=1__fuxi_use_latent__cb64e9fb79.txt,attn_dropout=0.1;emb_size=64;fuxi_single_stage_ffn=0;fuxi_use_latent=1;fuxi_use_pos=1;fuxi_use_time=1;l2=0;lr=0.0005;num_heads=4;num_layers=2,0.8162,0.908,0.6924,,0.5697,0.5931,0.5294,
FuXiAlpha,MovieLens_1M_ml1m_fuxi_sweep_s0_e30_small12_ss0,0,pos1_time1_latent1_ssffn0,test,FuXiAlpha__MovieLens_1M_ml1m_fuxi_sweep_s0_e30_small12_ss0__0__lr=0.0005__l2=0__emb_size=64__num_layers=2__num_heads=4__fuxi_use_pos=1__fuxi_use_time=1__fuxi_use_latent__cb64e9fb79,..\log\FuXiAlpha\FuXiAlpha__MovieLens_1M_ml1m_fuxi_sweep_s0_e30_small12_ss0__0__lr=0.0005__l2=0__emb_size=64__num_layers=2__num_heads=4__fuxi_use_pos=1__fuxi_use_time=1__fuxi_use_latent__cb64e9fb79.txt,attn_dropout=0.1;emb_size=64;fuxi_single_stage_ffn=0;fuxi_use_latent=1;fuxi_use_pos=1;fuxi_use_time=1;l2=0;lr=0.0005;num_heads=4;num_layers=2,0.7872,0.884,0.6603,,0.5419,0.5667,0.5007,
FuXiAlpha,MovieLens_1M_ml1m_fuxi_sweep_s0_e30_small12_ss0,0,pos1_time1_latent1_ssffn0,dev,FuXiAlpha__MovieLens_1M_ml1m_fuxi_sweep_s0_e30_small12_ss0__0__lr=0.0005__l2=0__emb_size=64__num_layers=4__num_heads=4__fuxi_use_pos=1__fuxi_use_time=1__fuxi_use_latent__0e607996f4,..\log\FuXiAlpha\FuXiAlpha__MovieLens_1M_ml1m_fuxi_sweep_s0_e30_small12_ss0__0__lr=0.0005__l2=0__emb_size=64__num_layers=4__num_heads=4__fuxi_use_pos=1__fuxi_use_time=1__fuxi_use_latent__0e607996f4.txt,attn_dropout=0.0;emb_size=64;fuxi_single_stage_ffn=0;fuxi_use_latent=1;fuxi_use_pos=1;fuxi_use_time=1;l2=0;lr=0.0005;num_heads=4;num_layers=4,0.8157,0.9067,0.6903,,0.561,0.5842,0.5203,
FuXiAlpha,MovieLens_1M_ml1m_fuxi_sweep_s0_e30_small12_ss0,0,pos1_time1_latent1_ssffn0,test,FuXiAlpha__MovieLens_1M_ml1m_fuxi_sweep_s0_e30_small12_ss0__0__lr=0.0005__l2=0__emb_size=64__num_layers=4__num_heads=4__fuxi_use_pos=1__fuxi_use_time=1__fuxi_use_latent__0e607996f4,..\log\FuXiAlpha\FuXiAlpha__MovieLens_1M_ml1m_fuxi_sweep_s0_e30_small12_ss0__0__lr=0.0005__l2=0__emb_size=64__num_layers=4__num_heads=4__fuxi_use_pos=1__fuxi_use_time=1__fuxi_use_latent__0e607996f4.txt,attn_dropout=0.0;emb_size=64;fuxi_single_stage_ffn=0;fuxi_use_latent=1;fuxi_use_pos=1;fuxi_use_time=1;l2=0;lr=0.0005;num_heads=4;num_layers=4,0.7779,0.8812,0.654,,0.5339,0.5603,0.4936,
FuXiAlpha,MovieLens_1M_ml1m_fuxi_sweep_s0_e30_small12_ss0,0,pos1_time1_latent1_ssffn0,dev,FuXiAlpha__MovieLens_1M_ml1m_fuxi_sweep_s0_e30_small12_ss0__0__lr=0.0005__l2=0__emb_size=64__num_layers=4__num_heads=4__fuxi_use_pos=1__fuxi_use_time=1__fuxi_use_latent__1ad5e6d368,..\log\FuXiAlpha\FuXiAlpha__MovieLens_1M_ml1m_fuxi_sweep_s0_e30_small12_ss0__0__lr=0.0005__l2=0__emb_size=64__num_layers=4__num_heads=4__fuxi_use_pos=1__fuxi_use_time=1__fuxi_use_latent__1ad5e6d368.txt,attn_dropout=0.1;emb_size=64;fuxi_single_stage_ffn=0;fuxi_use_latent=1;fuxi_use_pos=1;fuxi_use_time=1;l2=0;lr=0.0005;num_heads=4;num_layers=4,0.8155,0.9075,0.6967,,0.5623,0.5856,0.5239,
FuXiAlpha,MovieLens_1M_ml1m_fuxi_sweep_s0_e30_small12_ss0,0,pos1_time1_latent1_ssffn0,test,FuXiAlpha__MovieLens_1M_ml1m_fuxi_sweep_s0_e30_small12_ss0__0__lr=0.0005__l2=0__emb_size=64__num_layers=4__num_heads=4__fuxi_use_pos=1__fuxi_use_time=1__fuxi_use_latent__1ad5e6d368,..\log\FuXiAlpha\FuXiAlpha__MovieLens_1M_ml1m_fuxi_sweep_s0_e30_small12_ss0__0__lr=0.0005__l2=0__emb_size=64__num_layers=4__num_heads=4__fuxi_use_pos=1__fuxi_use_time=1__fuxi_use_latent__1ad5e6d368.txt,attn_dropout=0.1;emb_size=64;fuxi_single_stage_ffn=0;fuxi_use_latent=1;fuxi_use_pos=1;fuxi_use_time=1;l2=0;lr=0.0005;num_heads=4;num_layers=4,0.7774,0.8762,0.6523,,0.5315,0.5566,0.491,
FuXiAlpha,MovieLens_1M_ml1m_fuxi_sweep_s0_e30_small12_ss0,0,pos1_time1_latent1_ssffn0,dev,FuXiAlpha__MovieLens_1M_ml1m_fuxi_sweep_s0_e30_small12_ss0__0__lr=0.001__l2=0__emb_size=64__num_layers=1__num_heads=4__fuxi_use_pos=1__fuxi_use_time=1__fuxi_use_latent=__0aea61a125,..\log\FuXiAlpha\FuXiAlpha__MovieLens_1M_ml1m_fuxi_sweep_s0_e30_small12_ss0__0__lr=0.001__l2=0__emb_size=64__num_layers=1__num_heads=4__fuxi_use_pos=1__fuxi_use_time=1__fuxi_use_latent=__0aea61a125.txt,attn_dropout=0.1;emb_size=64;fuxi_single_stage_ffn=0;fuxi_use_latent=1;fuxi_use_pos=1;fuxi_use_time=1;l2=0;lr=0.001;num_heads=4;num_layers=1,0.8192,0.9074,0.6942,,0.5677,0.5901,0.527,
FuXiAlpha,MovieLens_1M_ml1m_fuxi_sweep_s0_e30_small12_ss0,0,pos1_time1_latent1_ssffn0,test,FuXiAlpha__MovieLens_1M_ml1m_fuxi_sweep_s0_e30_small12_ss0__0__lr=0.001__l2=0__emb_size=64__num_layers=1__num_heads=4__fuxi_use_pos=1__fuxi_use_time=1__fuxi_use_latent=__0aea61a125,..\log\FuXiAlpha\FuXiAlpha__MovieLens_1M_ml1m_fuxi_sweep_s0_e30_small12_ss0__0__lr=0.001__l2=0__emb_size=64__num_layers=1__num_heads=4__fuxi_use_pos=1__fuxi_use_time=1__fuxi_use_latent=__0aea61a125.txt,attn_dropout=0.1;emb_size=64;fuxi_single_stage_ffn=0;fuxi_use_latent=1;fuxi_use_pos=1;fuxi_use_time=1;l2=0;lr=0.001;num_heads=4;num_layers=1,0.7864,0.8858,0.6622,,0.5364,0.5617,0.4961,
FuXiAlpha,MovieLens_1M_ml1m_fuxi_sweep_s0_e30_small12_ss0,0,pos1_time1_latent1_ssffn0,dev,FuXiAlpha__MovieLens_1M_ml1m_fuxi_sweep_s0_e30_small12_ss0__0__lr=0.001__l2=0__emb_size=64__num_layers=1__num_heads=4__fuxi_use_pos=1__fuxi_use_time=1__fuxi_use_latent=__7197285c05,..\log\FuXiAlpha\FuXiAlpha__MovieLens_1M_ml1m_fuxi_sweep_s0_e30_small12_ss0__0__lr=0.001__l2=0__emb_size=64__num_layers=1__num_heads=4__fuxi_use_pos=1__fuxi_use_time=1__fuxi_use_latent=__7197285c05.txt,attn_dropout=0.0;emb_size=64;fuxi_single_stage_ffn=0;fuxi_use_latent=1;fuxi_use_pos=1;fuxi_use_time=1;l2=0;lr=0.001;num_heads=4;num_layers=1,0.8144,0.9044,0.6957,,0.5658,0.5886,0.5272,
FuXiAlpha,MovieLens_1M_ml1m_fuxi_sweep_s0_e30_small12_ss0,0,pos1_time1_latent1_ssffn0,test,FuXiAlpha__MovieLens_1M_ml1m_fuxi_sweep_s0_e30_small12_ss0__0__lr=0.001__l2=0__emb_size=64__num_layers=1__num_heads=4__fuxi_use_pos=1__fuxi_use_time=1__fuxi_use_latent=__7197285c05,..\log\FuXiAlpha\FuXiAlpha__MovieLens_1M_ml1m_fuxi_sweep_s0_e30_small12_ss0__0__lr=0.001__l2=0__emb_size=64__num_layers=1__num_heads=4__fuxi_use_pos=1__fuxi_use_time=1__fuxi_use_latent=__7197285c05.txt,attn_dropout=0.0;emb_size=64;fuxi_single_stage_ffn=0;fuxi_use_latent=1;fuxi_use_pos=1;fuxi_use_time=1;l2=0;lr=0.001;num_heads=4;num_layers=1,0.7864,0.882,0.6588,,0.5391,0.5635,0.4978,
FuXiAlpha,MovieLens_1M_ml1m_fuxi_sweep_s0_e30_small12_ss0,0,pos1_time1_latent1_ssffn0,dev,FuXiAlpha__MovieLens_1M_ml1m_fuxi_sweep_s0_e30_small12_ss0__0__lr=0.001__l2=0__emb_size=64__num_layers=2__num_heads=4__fuxi_use_pos=1__fuxi_use_time=1__fuxi_use_latent=__152dd6ccec,..\log\FuXiAlpha\FuXiAlpha__MovieLens_1M_ml1m_fuxi_sweep_s0_e30_small12_ss0__0__lr=0.001__l2=0__emb_size=64__num_layers=2__num_heads=4__fuxi_use_pos=1__fuxi_use_time=1__fuxi_use_latent=__152dd6ccec.txt,attn_dropout=0.1;emb_size=64;fuxi_single_stage_ffn=0;fuxi_use_latent=1;fuxi_use_pos=1;fuxi_use_time=1;l2=0;lr=0.001;num_heads=4;num_layers=2,0.8141,0.9042,0.6929,,0.567,0.5899,0.5276,
FuXiAlpha,MovieLens_1M_ml1m_fuxi_sweep_s0_e30_small12_ss0,0,pos1_time1_latent1_ssffn0,test,FuXiAlpha__MovieLens_1M_ml1m_fuxi_sweep_s0_e30_small12_ss0__0__lr=0.001__l2=0__emb_size=64__num_layers=2__num_heads=4__fuxi_use_pos=1__fuxi_use_time=1__fuxi_use_latent=__152dd6ccec,..\log\FuXiAlpha\FuXiAlpha__MovieLens_1M_ml1m_fuxi_sweep_s0_e30_small12_ss0__0__lr=0.001__l2=0__emb_size=64__num_layers=2__num_heads=4__fuxi_use_pos=1__fuxi_use_time=1__fuxi_use_latent=__152dd6ccec.txt,attn_dropout=0.1;emb_size=64;fuxi_single_stage_ffn=0;fuxi_use_latent=1;fuxi_use_pos=1;fuxi_use_time=1;l2=0;lr=0.001;num_heads=4;num_layers=2,0.7819,0.8817,0.6576,,0.537,0.5624,0.4964,
FuXiAlpha,MovieLens_1M_ml1m_fuxi_sweep_s0_e30_small12_ss0,0,pos1_time1_latent1_ssffn0,dev,FuXiAlpha__MovieLens_1M_ml1m_fuxi_sweep_s0_e30_small12_ss0__0__lr=0.001__l2=0__emb_size=64__num_layers=2__num_heads=4__fuxi_use_pos=1__fuxi_use_time=1__fuxi_use_latent=__58e7310800,..\log\FuXiAlpha\FuXiAlpha__MovieLens_1M_ml1m_fuxi_sweep_s0_e30_small12_ss0__0__lr=0.001__l2=0__emb_size=64__num_layers=2__num_heads=4__fuxi_use_pos=1__fuxi_use_time=1__fuxi_use_latent=__58e7310800.txt,attn_dropout=0.0;emb_size=64;fuxi_single_stage_ffn=0;fuxi_use_latent=1;fuxi_use_pos=1;fuxi_use_time=1;l2=0;lr=0.001;num_heads=4;num_layers=2,0.8147,0.906,0.6932,,0.5666,0.5899,0.527,
FuXiAlpha,MovieLens_1M_ml1m_fuxi_sweep_s0_e30_small12_ss0,0,pos1_time1_latent1_ssffn0,test,FuXiAlpha__MovieLens_1M_ml1m_fuxi_sweep_s0_e30_small12_ss0__0__lr=0.001__l2=0__emb_size=64__num_layers=2__num_heads=4__fuxi_use_pos=1__fuxi_use_time=1__fuxi_use_latent=__58e7310800,..\log\FuXiAlpha\FuXiAlpha__MovieLens_1M_ml1m_fuxi_sweep_s0_e30_small12_ss0__0__lr=0.001__l2=0__emb_size=64__num_layers=2__num_heads=4__fuxi_use_pos=1__fuxi_use_time=1__fuxi_use_latent=__58e7310800.txt,attn_dropout=0.0;emb_size=64;fuxi_single_stage_ffn=0;fuxi_use_latent=1;fuxi_use_pos=1;fuxi_use_time=1;l2=0;lr=0.001;num_heads=4;num_layers=2,0.7789,0.8772,0.653,,0.529,0.554,0.4881,
FuXiAlpha,MovieLens_1M_ml1m_fuxi_sweep_s0_e30_small12_ss0,0,pos1_time1_latent1_ssffn0,dev,FuXiAlpha__MovieLens_1M_ml1m_fuxi_sweep_s0_e30_small12_ss0__0__lr=0.001__l2=0__emb_size=64__num_layers=4__num_heads=4__fuxi_use_pos=1__fuxi_use_time=1__fuxi_use_latent=__0ba05d009f,..\log\FuXiAlpha\FuXiAlpha__MovieLens_1M_ml1m_fuxi_sweep_s0_e30_small12_ss0__0__lr=0.001__l2=0__emb_size=64__num_layers=4__num_heads=4__fuxi_use_pos=1__fuxi_use_time=1__fuxi_use_latent=__0ba05d009f.txt,attn_dropout=0.0;emb_size=64;fuxi_single_stage_ffn=0;fuxi_use_latent=1;fuxi_use_pos=1;fuxi_use_time=1;l2=0;lr=0.001;num_heads=4;num_layers=4,0.8073,0.9034,0.6868,,0.5503,0.5746,0.5113,
FuXiAlpha,MovieLens_1M_ml1m_fuxi_sweep_s0_e30_small12_ss0,0,pos1_time1_latent1_ssffn0,test,FuXiAlpha__MovieLens_1M_ml1m_fuxi_sweep_s0_e30_small12_ss0__0__lr=0.001__l2=0__emb_size=64__num_layers=4__num_heads=4__fuxi_use_pos=1__fuxi_use_time=1__fuxi_use_latent=__0ba05d009f,..\log\FuXiAlpha\FuXiAlpha__MovieLens_1M_ml1m_fuxi_sweep_s0_e30_small12_ss0__0__lr=0.001__l2=0__emb_size=64__num_layers=4__num_heads=4__fuxi_use_pos=1__fuxi_use_time=1__fuxi_use_latent=__0ba05d009f.txt,attn_dropout=0.0;emb_size=64;fuxi_single_stage_ffn=0;fuxi_use_latent=1;fuxi_use_pos=1;fuxi_use_time=1;l2=0;lr=0.001;num_heads=4;num_layers=4,0.7728,0.8735,0.6434,,0.5233,0.5489,0.4811,
FuXiAlpha,MovieLens_1M_ml1m_fuxi_sweep_s0_e30_small12_ss0,0,pos1_time1_latent1_ssffn0,dev,FuXiAlpha__MovieLens_1M_ml1m_fuxi_sweep_s0_e30_small12_ss0__0__lr=0.001__l2=0__emb_size=64__num_layers=4__num_heads=4__fuxi_use_pos=1__fuxi_use_time=1__fuxi_use_latent=__d8491b893e,..\log\FuXiAlpha\FuXiAlpha__MovieLens_1M_ml1m_fuxi_sweep_s0_e30_small12_ss0__0__lr=0.001__l2=0__emb_size=64__num_layers=4__num_heads=4__fuxi_use_pos=1__fuxi_use_time=1__fuxi_use_latent=__d8491b893e.txt,attn_dropout=0.1;emb_size=64;fuxi_single_stage_ffn=0;fuxi_use_latent=1;fuxi_use_pos=1;fuxi_use_time=1;l2=0;lr=0.001;num_heads=4;num_layers=4,0.8119,0.9059,0.6908,,0.5614,0.5853,0.522,
FuXiAlpha,MovieLens_1M_ml1m_fuxi_sweep_s0_e30_small12_ss0,0,pos1_time1_latent1_ssffn0,test,FuXiAlpha__MovieLens_1M_ml1m_fuxi_sweep_s0_e30_small12_ss0__0__lr=0.001__l2=0__emb_size=64__num_layers=4__num_heads=4__fuxi_use_pos=1__fuxi_use_time=1__fuxi_use_latent=__d8491b893e,..\log\FuXiAlpha\FuXiAlpha__MovieLens_1M_ml1m_fuxi_sweep_s0_e30_small12_ss0__0__lr=0.001__l2=0__emb_size=64__num_layers=4__num_heads=4__fuxi_use_pos=1__fuxi_use_time=1__fuxi_use_latent=__d8491b893e.txt,attn_dropout=0.1;emb_size=64;fuxi_single_stage_ffn=0;fuxi_use_latent=1;fuxi_use_pos=1;fuxi_use_time=1;l2=0;lr=0.001;num_heads=4;num_layers=4,0.7789,0.8797,0.6556,,0.534,0.5596,0.494,
GRU4Rec,Grocery_and_Gourmet_Food,0,default,dev,GRU4Rec__Grocery_and_Gourmet_Food__0__lr=0.001__l2=0__emb_size=64__hidden_size=64,..\log\GRU4Rec\GRU4Rec__Grocery_and_Gourmet_Food__0__lr=0.001__l2=0__emb_size=64__hidden_size=64.txt,emb_size=64;hidden_size=64;l2=0;lr=0.001,0.3826,0.5299,0.2429,,0.2015,0.2389,0.1566,
GRU4Rec,Grocery_and_Gourmet_Food,0,default,test,GRU4Rec__Grocery_and_Gourmet_Food__0__lr=0.001__l2=0__emb_size=64__hidden_size=64,..\log\GRU4Rec\GRU4Rec__Grocery_and_Gourmet_Food__0__lr=0.001__l2=0__emb_size=64__hidden_size=64.txt,emb_size=64;hidden_size=64;l2=0;lr=0.001,0.3408,0.4829,0.2054,,0.1728,0.209,0.1292,
GRU4Rec,Grocery_and_Gourmet_Food,1,default,dev,GRU4Rec__Grocery_and_Gourmet_Food__1__lr=0.001__l2=0__emb_size=64__hidden_size=64,..\log\GRU4Rec\GRU4Rec__Grocery_and_Gourmet_Food__1__lr=0.001__l2=0__emb_size=64__hidden_size=64.txt,emb_size=64;hidden_size=64;l2=0;lr=0.001,0.4893,0.601,0.3748,,0.2965,0.3246,0.2594,
GRU4Rec,Grocery_and_Gourmet_Food,1,default,test,GRU4Rec__Grocery_and_Gourmet_Food__1__lr=0.001__l2=0__emb_size=64__hidden_size=64,..\log\GRU4Rec\GRU4Rec__Grocery_and_Gourmet_Food__1__lr=0.001__l2=0__emb_size=64__hidden_size=64.txt,emb_size=64;hidden_size=64;l2=0;lr=0.001,0.443,0.5554,0.326,,0.2563,0.2848,0.2184,
GRU4Rec,Grocery_and_Gourmet_Food,2,default,dev,GRU4Rec__Grocery_and_Gourmet_Food__2__lr=0.001__l2=0__emb_size=64__hidden_size=64,..\log\GRU4Rec\GRU4Rec__Grocery_and_Gourmet_Food__2__lr=0.001__l2=0__emb_size=64__hidden_size=64.txt,emb_size=64;hidden_size=64;l2=0;lr=0.001,0.491,0.6045,0.376,,0.2981,0.3266,0.2608,
GRU4Rec,Grocery_and_Gourmet_Food,2,default,test,GRU4Rec__Grocery_and_Gourmet_Food__2__lr=0.001__l2=0__emb_size=64__hidden_size=64,..\log\GRU4Rec\GRU4Rec__Grocery_and_Gourmet_Food__2__lr=0.001__l2=0__emb_size=64__hidden_size=64.txt,emb_size=64;hidden_size=64;l2=0;lr=0.001,0.4391,0.5587,0.3283,,0.2596,0.2898,0.2237,
GRU4Rec,Grocery_and_Gourmet_Food_grocery_ep50_h50_cmp,0,default,dev,GRU4Rec__Grocery_and_Gourmet_Food_grocery_ep50_h50_cmp__0__lr=0.001__l2=0__emb_size=64__hidden_size=64,..\log\GRU4Rec\GRU4Rec__Grocery_and_Gourmet_Food_grocery_ep50_h50_cmp__0__lr=0.001__l2=0__emb_size=64__hidden_size=64.txt,emb_size=64;hidden_size=64;l2=0;lr=0.001,0.4896,0.6117,0.3878,,0.3167,0.3475,0.2838,
GRU4Rec,Grocery_and_Gourmet_Food_grocery_ep50_h50_cmp,0,default,test,GRU4Rec__Grocery_and_Gourmet_Food_grocery_ep50_h50_cmp__0__lr=0.001__l2=0__emb_size=64__hidden_size=64,..\log\GRU4Rec\GRU4Rec__Grocery_and_Gourmet_Food_grocery_ep50_h50_cmp__0__lr=0.001__l2=0__emb_size=64__hidden_size=64.txt,emb_size=64;hidden_size=64;l2=0;lr=0.001,0.4481,0.5702,0.3395,,0.2753,0.306,0.2402,
GRU4Rec,Grocery_and_Gourmet_Food_grocery_ep50_h50_cmp,1,default,dev,GRU4Rec__Grocery_and_Gourmet_Food_grocery_ep50_h50_cmp__1__lr=0.001__l2=0__emb_size=64__hidden_size=64,..\log\GRU4Rec\GRU4Rec__Grocery_and_Gourmet_Food_grocery_ep50_h50_cmp__1__lr=0.001__l2=0__emb_size=64__hidden_size=64.txt,emb_size=64;hidden_size=64;l2=0;lr=0.001,0.4901,0.6,0.3747,,0.297,0.3247,0.2596,
GRU4Rec,Grocery_and_Gourmet_Food_grocery_ep50_h50_cmp,1,default,test,GRU4Rec__Grocery_and_Gourmet_Food_grocery_ep50_h50_cmp__1__lr=0.001__l2=0__emb_size=64__hidden_size=64,..\log\GRU4Rec\GRU4Rec__Grocery_and_Gourmet_Food_grocery_ep50_h50_cmp__1__lr=0.001__l2=0__emb_size=64__hidden_size=64.txt,emb_size=64;hidden_size=64;l2=0;lr=0.001,0.4421,0.5569,0.3271,,0.257,0.286,0.2197,
GRU4Rec,Grocery_and_Gourmet_Food_grocery_ep50_h50_cmp,2,default,dev,GRU4Rec__Grocery_and_Gourmet_Food_grocery_ep50_h50_cmp__2__lr=0.001__l2=0__emb_size=64__hidden_size=64,..\log\GRU4Rec\GRU4Rec__Grocery_and_Gourmet_Food_grocery_ep50_h50_cmp__2__lr=0.001__l2=0__emb_size=64__hidden_size=64.txt,emb_size=64;hidden_size=64;l2=0;lr=0.001,0.491,0.6079,0.3881,,0.3129,0.3423,0.2795,
GRU4Rec,Grocery_and_Gourmet_Food_grocery_ep50_h50_cmp,2,default,test,GRU4Rec__Grocery_and_Gourmet_Food_grocery_ep50_h50_cmp__2__lr=0.001__l2=0__emb_size=64__hidden_size=64,..\log\GRU4Rec\GRU4Rec__Grocery_and_Gourmet_Food_grocery_ep50_h50_cmp__2__lr=0.001__l2=0__emb_size=64__hidden_size=64.txt,emb_size=64;hidden_size=64;l2=0;lr=0.001,0.4462,0.5726,0.3342,,0.2716,0.3035,0.2353,
GRU4Rec,MovieLens_100K,0,default,dev,GRU4Rec__MovieLens_100K__0__lr=0.001__l2=0__emb_size=64__hidden_size=64,..\log\GRU4Rec\GRU4Rec__MovieLens_100K__0__lr=0.001__l2=0__emb_size=64__hidden_size=64.txt,emb_size=64;hidden_size=64;l2=0;lr=0.001,0.6418,0.7889,0.451,,0.363,0.4004,0.3017,
GRU4Rec,MovieLens_100K,0,default,test,GRU4Rec__MovieLens_100K__0__lr=0.001__l2=0__emb_size=64__hidden_size=64,..\log\GRU4Rec\GRU4Rec__MovieLens_100K__0__lr=0.001__l2=0__emb_size=64__hidden_size=64.txt,emb_size=64;hidden_size=64;l2=0;lr=0.001,0.5768,0.7537,0.4062,,0.3276,0.3723,0.2728,
GRU4Rec,MovieLens_100K,1,default,dev,GRU4Rec__MovieLens_100K__1__lr=0.001__l2=0__emb_size=64__hidden_size=64,..\log\GRU4Rec\GRU4Rec__MovieLens_100K__1__lr=0.001__l2=0__emb_size=64__hidden_size=64.txt,emb_size=64;hidden_size=64;l2=0;lr=0.001,0.6109,0.7953,0.4414,,0.3473,0.3939,0.2921,
GRU4Rec,MovieLens_100K,1,default,test,GRU4Rec__MovieLens_100K__1__lr=0.001__l2=0__emb_size=64__hidden_size=64,..\log\GRU4Rec\GRU4Rec__MovieLens_100K__1__lr=0.001__l2=0__emb_size=64__hidden_size=64.txt,emb_size=64;hidden_size=64;l2=0;lr=0.001,0.5736,0.7409,0.4158,,0.3299,0.372,0.2792,
GRU4Rec,MovieLens_100K,2,default,dev,GRU4Rec__MovieLens_100K__2__lr=0.001__l2=0__emb_size=64__hidden_size=64,..\log\GRU4Rec\GRU4Rec__MovieLens_100K__2__lr=0.001__l2=0__emb_size=64__hidden_size=64.txt,emb_size=64;hidden_size=64;l2=0;lr=0.001,0.6301,0.7921,0.4595,,0.3562,0.3977,0.3016,
GRU4Rec,MovieLens_100K,2,default,test,GRU4Rec__MovieLens_100K__2__lr=0.001__l2=0__emb_size=64__hidden_size=64,..\log\GRU4Rec\GRU4Rec__MovieLens_100K__2__lr=0.001__l2=0__emb_size=64__hidden_size=64.txt,emb_size=64;hidden_size=64;l2=0;lr=0.001,0.5768,0.7516,0.403,,0.3289,0.3733,0.273,
GRU4Rec,MovieLens_1M,0,default,dev,GRU4Rec__MovieLens_1M__0__lr=0.001__l2=0__emb_size=64__hidden_size=64,..\log\GRU4Rec\GRU4Rec__MovieLens_1M__0__lr=0.001__l2=0__emb_size=64__hidden_size=64.txt,emb_size=64;hidden_size=64;l2=0;lr=0.001,0.5491,0.7428,0.3714,,0.3028,0.3519,0.2455,
GRU4Rec,MovieLens_1M,0,default,test,GRU4Rec__MovieLens_1M__0__lr=0.001__l2=0__emb_size=64__hidden_size=64,..\log\GRU4Rec\GRU4Rec__MovieLens_1M__0__lr=0.001__l2=0__emb_size=64__hidden_size=64.txt,emb_size=64;hidden_size=64;l2=0;lr=0.001,0.5247,0.7141,0.3578,,0.2877,0.3356,0.234,
GRU4Rec,MovieLens_1M,1,default,dev,GRU4Rec__MovieLens_1M__1__lr=0.001__l2=0__emb_size=64__hidden_size=64,..\log\GRU4Rec\GRU4Rec__MovieLens_1M__1__lr=0.001__l2=0__emb_size=64__hidden_size=64.txt,emb_size=64;hidden_size=64;l2=0;lr=0.001,0.7721,0.8905,0.6255,,0.5,0.53,0.4521,
GRU4Rec,MovieLens_1M,1,default,test,GRU4Rec__MovieLens_1M__1__lr=0.001__l2=0__emb_size=64__hidden_size=64,..\log\GRU4Rec\GRU4Rec__MovieLens_1M__1__lr=0.001__l2=0__emb_size=64__hidden_size=64.txt,emb_size=64;hidden_size=64;l2=0;lr=0.001,0.7333,0.8566,0.5877,,0.4707,0.5021,0.4234,
GRU4Rec,MovieLens_1M,2,default,dev,GRU4Rec__MovieLens_1M__2__lr=0.001__l2=0__emb_size=64__hidden_size=64,..\log\GRU4Rec\GRU4Rec__MovieLens_1M__2__lr=0.001__l2=0__emb_size=64__hidden_size=64.txt,emb_size=64;hidden_size=64;l2=0;lr=0.001,0.7721,0.8875,0.622,,0.5024,0.5318,0.4537,
GRU4Rec,MovieLens_1M,2,default,test,GRU4Rec__MovieLens_1M__2__lr=0.001__l2=0__emb_size=64__hidden_size=64,..\log\GRU4Rec\GRU4Rec__MovieLens_1M__2__lr=0.001__l2=0__emb_size=64__hidden_size=64.txt,emb_size=64;hidden_size=64;l2=0;lr=0.001,0.7347,0.8605,0.597,,0.481,0.513,0.4365,
GRU4Rec,MovieLens_1M_ep50,0,default,dev,GRU4Rec__MovieLens_1M_ep50__0__lr=0.001__l2=0__emb_size=64__hidden_size=64,..\log\GRU4Rec\GRU4Rec__MovieLens_1M_ep50__0__lr=0.001__l2=0__emb_size=64__hidden_size=64.txt,emb_size=64;hidden_size=64;l2=0;lr=0.001,0.8061,0.9034,0.6803,,0.5457,0.5706,0.505,
GRU4Rec,MovieLens_1M_ep50,0,default,test,GRU4Rec__MovieLens_1M_ep50__0__lr=0.001__l2=0__emb_size=64__hidden_size=64,..\log\GRU4Rec\GRU4Rec__MovieLens_1M_ep50__0__lr=0.001__l2=0__emb_size=64__hidden_size=64.txt,emb_size=64;hidden_size=64;l2=0;lr=0.001,0.769,0.8737,0.6387,,0.5181,0.5448,0.476,
GRU4Rec,MovieLens_1M_ep50,1,default,dev,GRU4Rec__MovieLens_1M_ep50__1__lr=0.001__l2=0__emb_size=64__hidden_size=64,..\log\GRU4Rec\GRU4Rec__MovieLens_1M_ep50__1__lr=0.001__l2=0__emb_size=64__hidden_size=64.txt,emb_size=64;hidden_size=64;l2=0;lr=0.001,0.8092,0.9052,0.6868,,0.558,0.5823,0.5181,
GRU4Rec,MovieLens_1M_ep50,1,default,test,GRU4Rec__MovieLens_1M_ep50__1__lr=0.001__l2=0__emb_size=64__hidden_size=64,..\log\GRU4Rec\GRU4Rec__MovieLens_1M_ep50__1__lr=0.001__l2=0__emb_size=64__hidden_size=64.txt,emb_size=64;hidden_size=64;l2=0;lr=0.001,0.7708,0.8742,0.6473,,0.5231,0.5494,0.4829,
GRU4Rec,MovieLens_1M_ep50,2,default,dev,GRU4Rec__MovieLens_1M_ep50__2__lr=0.001__l2=0__emb_size=64__hidden_size=64,..\log\GRU4Rec\GRU4Rec__MovieLens_1M_ep50__2__lr=0.001__l2=0__emb_size=64__hidden_size=64.txt,emb_size=64;hidden_size=64;l2=0;lr=0.001,0.8039,0.9022,0.6823,,0.555,0.5801,0.5155,
GRU4Rec,MovieLens_1M_ep50,2,default,test,GRU4Rec__MovieLens_1M_ep50__2__lr=0.001__l2=0__emb_size=64__hidden_size=64,..\log\GRU4Rec\GRU4Rec__MovieLens_1M_ep50__2__lr=0.001__l2=0__emb_size=64__hidden_size=64.txt,emb_size=64;hidden_size=64;l2=0;lr=0.001,0.7662,0.8784,0.6402,,0.5219,0.5504,0.4808,
FuXiAlpha,Grocery_ep50_h50,,pos1_time1_latent1_ssffn0,dev,FuXiAlpha__Grocery_ep50_h50__seed0__fullrank,..\log\ProtocolTest\FuXiAlpha__Grocery_ep50_h50__seed0__fullrank.txt,attn_dropout=0.1;fuxi_single_stage_ffn=0;fuxi_use_latent=1;fuxi_use_pos=1;fuxi_use_time=1,0.0469,0.0736,0.0275,0.1318,0.0231,0.0298,0.0168,0.0413
FuXiAlpha,Grocery_ep50_h50,,pos1_time1_latent1_ssffn0,test,FuXiAlpha__Grocery_ep50_h50__seed0__fullrank,..\log\ProtocolTest\FuXiAlpha__Grocery_ep50_h50__seed0__fullrank.txt,attn_dropout=0.1;fuxi_single_stage_ffn=0;fuxi_use_latent=1;fuxi_use_pos=1;fuxi_use_time=1,0.0323,0.0564,0.0191,0.1056,0.0153,0.0214,0.0111,0.031
FuXiAlpha,ML1M_ep50,,pos1_time1_latent1_ssffn0,dev,FuXiAlpha__ML1M_ep50__seed0__fullrank,..\log\ProtocolTest\FuXiAlpha__ML1M_ep50__seed0__fullrank.txt,attn_dropout=0.0;fuxi_single_stage_ffn=0;fuxi_use_latent=1;fuxi_use_pos=1;fuxi_use_time=1,0.1649,0.2632,0.1039,0.4344,0.0861,0.1109,0.0666,0.1449
FuXiAlpha,ML1M_ep50,,pos1_time1_latent1_ssffn0,test,FuXiAlpha__ML1M_ep50__seed0__fullrank,..\log\ProtocolTest\FuXiAlpha__ML1M_ep50__seed0__fullrank.txt,attn_dropout=0.0;fuxi_single_stage_ffn=0;fuxi_use_latent=1;fuxi_use_pos=1;fuxi_use_time=1,0.1506,0.2423,0.0916,0.4069,0.0764,0.0995,0.0576,0.1319
SASRec,Grocery_ep50_h50,,default,dev,SASRec__Grocery_ep50_h50__seed0__fullrank,..\log\ProtocolTest\SASRec__Grocery_ep50_h50__seed0__fullrank.txt,,0.0638,0.102,0.0399,0.1725,0.033,0.0426,0.0254,0.0565
SASRec,Grocery_ep50_h50,,default,test,SASRec__Grocery_ep50_h50__seed0__fullrank,..\log\ProtocolTest\SASRec__Grocery_ep50_h50__seed0__fullrank.txt,,0.0487,0.0772,0.0296,0.1379,0.0251,0.0323,0.019,0.0443
SASRec,ML1M_ep50,,default,dev,SASRec__ML1M_ep50__seed0__fullrank,..\log\ProtocolTest\SASRec__ML1M_ep50__seed0__fullrank.txt,,0.2103,0.3157,0.1336,0.4959,0.1101,0.1367,0.0854,0.1725
SASRec,ML1M_ep50,,default,test,SASRec__ML1M_ep50__seed0__fullrank,..\log\ProtocolTest\SASRec__ML1M_ep50__seed0__fullrank.txt,,0.1982,0.3006,0.1258,0.465,0.1039,0.1298,0.0805,0.1623
SASRec,Grocery_and_Gourmet_Food,0,default,dev,SASRec__Grocery_and_Gourmet_Food__0__lr=0.001__l2=0__emb_size=64__num_layers=1__num_heads=4,..\log\SASRec\SASRec__Grocery_and_Gourmet_Food__0__lr=0.001__l2=0__emb_size=64__num_layers=1__num_heads=4.txt,emb_size=64;l2=0;lr=0.001;num_heads=4;num_layers=1,0.4512,0.5624,0.3343,,0.263,0.291,0.2249,
SASRec,Grocery_and_Gourmet_Food,0,default,test,SASRec__Grocery_and_Gourmet_Food__0__lr=0.001__l2=0__emb_size=64__num_layers=1__num_heads=4,..\log\SASRec\SASRec__Grocery_and_Gourmet_Food__0__lr=0.001__l2=0__emb_size=64__num_layers=1__num_heads=4.txt,emb_size=64;l2=0;lr=0.001;num_heads=4;num_layers=1,0.4058,0.5172,0.289,,0.2271,0.2552,0.1892,
SASRec,Grocery_and_Gourmet_Food,1,default,dev,SASRec__Grocery_and_Gourmet_Food__1__lr=0.001__l2=0__emb_size=64__num_layers=1__num_heads=4,..\log\SASRec\SASRec__Grocery_and_Gourmet_Food__1__lr=0.001__l2=0__emb_size=64__num_layers=1__num_heads=4.txt,emb_size=64;l2=0;lr=0.001;num_heads=4;num_layers=1,0.506,0.6164,0.4133,,0.3412,0.369,0.3112,
SASRec,Grocery_and_Gourmet_Food,1,default,test,SASRec__Grocery_and_Gourmet_Food__1__lr=0.001__l2=0__emb_size=64__num_layers=1__num_heads=4,..\log\SASRec\SASRec__Grocery_and_Gourmet_Food__1__lr=0.001__l2=0__emb_size=64__num_layers=1__num_heads=4.txt,emb_size=64;l2=0;lr=0.001;num_heads=4;num_layers=1,0.4577,0.5695,0.3676,,0.297,0.3251,0.2679,
SASRec,Grocery_and_Gourmet_Food,2,default,dev,SASRec__Grocery_and_Gourmet_Food__2__lr=0.001__l2=0__emb_size=64__num_layers=1__num_heads=4,..\log\SASRec\SASRec__Grocery_and_Gourmet_Food__2__lr=0.001__l2=0__emb_size=64__num_layers=1__num_heads=4.txt,emb_size=64;l2=0;lr=0.001;num_heads=4;num_layers=1,0.5073,0.6182,0.4178,,0.3443,0.3722,0.3154,
SASRec,Grocery_and_Gourmet_Food,2,default,test,SASRec__Grocery_and_Gourmet_Food__2__lr=0.001__l2=0__emb_size=64__num_layers=1__num_heads=4,..\log\SASRec\SASRec__Grocery_and_Gourmet_Food__2__lr=0.001__l2=0__emb_size=64__num_layers=1__num_heads=4.txt,emb_size=64;l2=0;lr=0.001;num_heads=4;num_layers=1,0.4622,0.5708,0.3707,,0.301,0.3283,0.2713,
SASRec,Grocery_and_Gourmet_Food_grocery_ep50_h50_cmp,0,default,dev,SASRec__Grocery_and_Gourmet_Food_grocery_ep50_h50_cmp__0__lr=0.001__l2=0__emb_size=64__num_layers=1__num_heads=4,..\log\SASRec\SASRec__Grocery_and_Gourmet_Food_grocery_ep50_h50_cmp__0__lr=0.001__l2=0__emb_size=64__num_layers=1__num_heads=4.txt,emb_size=64;l2=0;lr=0.001;num_heads=4;num_layers=1,0.5006,0.6133,0.4118,,0.3391,0.3675,0.3104,
SASRec,Grocery_and_Gourmet_Food_grocery_ep50_h50_cmp,0,default,test,SASRec__Grocery_and_Gourmet_Food_grocery_ep50_h50_cmp__0__lr=0.001__l2=0__emb_size=64__num_layers=1__num_heads=4,..\log\SASRec\SASRec__Grocery_and_Gourmet_Food_grocery_ep50_h50_cmp__0__lr=0.001__l2=0__emb_size=64__num_layers=1__num_heads=4.txt,emb_size=64;l2=0;lr=0.001;num_heads=4;num_layers=1,0.459,0.5709,0.368,,0.301,0.329,0.2714,
SASRec,Grocery_and_Gourmet_Food_grocery_ep50_h50_cmp,1,default,dev,SASRec__Grocery_and_Gourmet_Food_grocery_ep50_h50_cmp__1__lr=0.001__l2=0__emb_size=64__num_layers=1__num_heads=4,..\log\SASRec\SASRec__Grocery_and_Gourmet_Food_grocery_ep50_h50_cmp__1__lr=0.001__l2=0__emb_size=64__num_layers=1__num_heads=4.txt,emb_size=64;l2=0;lr=0.001;num_heads=4;num_layers=1,0.5043,0.6117,0.4111,,0.3419,0.3689,0.3118,
SASRec,Grocery_and_Gourmet_Food_grocery_ep50_h50_cmp,1,default,test,SASRec__Grocery_and_Gourmet_Food_grocery_ep50_h50_cmp__1__lr=0.001__l2=0__emb_size=64__num_layers=1__num_heads=4,..\log\SASRec\SASRec__Grocery_and_Gourmet_Food_grocery_ep50_h50_cmp__1__lr=0.001__l2=0__emb_size=64__num_layers=1__num_heads=4.txt,emb_size=64;l2=0;lr=0.001;num_heads=4;num_layers=1,0.4568,0.5689,0.3641,,0.2998,0.3281,0.2699,
SASRec,Grocery_and_Gourmet_Food_grocery_ep50_h50_cmp,2,default,dev,SASRec__Grocery_and_Gourmet_Food_grocery_ep50_h50_cmp__2__lr=0.001__l2=0__emb_size=64__num_layers=1__num_heads=4,..\log\SASRec\SASRec__Grocery_and_Gourmet_Food_grocery_ep50_h50_cmp__2__lr=0.001__l2=0__emb_size=64__num_layers=1__num_heads=4.txt,emb_size=64;l2=0;lr=0.001;num_heads=4;num_layers=1,0.5114,0.6201,0.4155,,0.3433,0.3707,0.3123,
SASRec,Grocery_and_Gourmet_Food_grocery_ep50_h50_cmp,2,default,test,SASRec__Grocery_and_Gourmet_Food_grocery_ep50_h50_cmp__2__lr=0.001__l2=0__emb_size=64__num_layers=1__num_heads=4,..\log\SASRec\SASRec__Grocery_and_Gourmet_Food_grocery_ep50_h50_cmp__2__lr=0.001__l2=0__emb_size=64__num_layers=1__num_heads=4.txt,emb_size=64;l2=0;lr=0.001;num_heads=4;num_layers=1,0.4645,0.5758,0.3721,,0.2994,0.3274,0.2695,
SASRec,MovieLens_100K,0,default,dev,SASRec__MovieLens_100K__0__lr=0.001__l2=0__emb_size=64__num_layers=1__num_heads=4,..\log\SASRec\SASRec__MovieLens_100K__0__lr=0.001__l2=0__emb_size=64__num_layers=1__num_heads=4.txt,emb_size=64;l2=0;lr=0.001;num_heads=4;num_layers=1,0.5096,0.6759,0.355,,0.2791,0.3213,0.2291,
SASRec,MovieLens_100K,0,default,test,SASRec__MovieLens_100K__0__lr=0.001__l2=0__emb_size=64__num_layers=1__num_heads=4,..\log\SASRec\SASRec__MovieLens_100K__0__lr=0.001__l2=0__emb_size=64__num_layers=1__num_heads=4.txt,emb_size=64;l2=0;lr=0.001;num_heads=4;num_layers=1,0.4723,0.6503,0.3358,,0.267,0.3122,0.2229,
SASRec,MovieLens_100K,1,default,dev,SASRec__MovieLens_100K__1__lr=0.001__l2=0__emb_size=64__num_layers=1__num_heads=4,..\log\SASRec\SASRec__MovieLens_100K__1__lr=0.001__l2=0__emb_size=64__num_layers=1__num_heads=4.txt,emb_size=64;l2=0;lr=0.001;num_heads=4;num_layers=1,0.6311,0.8134,0.4638,,0.3788,0.4249,0.3247,
SASRec,MovieLens_100K,1,default,test,SASRec__MovieLens_100K__1__lr=0.001__l2=0__emb_size=64__num_layers=1__num_heads=4,..\log\SASRec\SASRec__MovieLens_100K__1__lr=0.001__l2=0__emb_size=64__num_layers=1__num_heads=4.txt,emb_size=64;l2=0;lr=0.001;num_heads=4;num_layers=1,0.6205,0.791,0.4456,,0.3686,0.4119,0.3121,
SASRec,MovieLens_100K,2,default,dev,SASRec__MovieLens_100K__2__lr=0.001__l2=0__emb_size=64__num_layers=1__num_heads=4,..\log\SASRec\SASRec__MovieLens_100K__2__lr=0.001__l2=0__emb_size=64__num_layers=1__num_heads=4.txt,emb_size=64;l2=0;lr=0.001;num_heads=4;num_layers=1,0.6493,0.8006,0.4989,,0.3926,0.4312,0.3439,
SASRec,MovieLens_100K,2,default,test,SASRec__MovieLens_100K__2__lr=0.001__l2=0__emb_size=64__num_layers=1__num_heads=4,..\log\SASRec\SASRec__MovieLens_100K__2__lr=0.001__l2=0__emb_size=64__num_layers=1__num_heads=4.txt,emb_size=64;l2=0;lr=0.001;num_heads=4;num_layers=1,0.6119,0.774,0.4456,,0.357,0.3978,0.3033,
SASRec,MovieLens_1M,0,default,dev,SASRec__MovieLens_1M__0__lr=0.001__l2=0__emb_size=64__num_layers=1__num_heads=4,..\log\SASRec\SASRec__MovieLens_1M__0__lr=0.001__l2=0__emb_size=64__num_layers=1__num_heads=4.txt,emb_size=64;l2=0;lr=0.001;num_heads=4;num_layers=1,0.7131,0.8552,0.5524,,0.4477,0.484,0.3954,
SASRec,MovieLens_1M,0,default,test,SASRec__MovieLens_1M__0__lr=0.001__l2=0__emb_size=64__num_layers=1__num_heads=4,..\log\SASRec\SASRec__MovieLens_1M__0__lr=0.001__l2=0__emb_size=64__num_layers=1__num_heads=4.txt,emb_size=64;l2=0;lr=0.001;num_heads=4;num_layers=1,0.6878,0.8273,0.5287,,0.4264,0.4618,0.375,
SASRec,MovieLens_1M,1,default,dev,SASRec__MovieLens_1M__1__lr=0.001__l2=0__emb_size=64__num_layers=1__num_heads=4,..\log\SASRec\SASRec__MovieLens_1M__1__lr=0.001__l2=0__emb_size=64__num_layers=1__num_heads=4.txt,emb_size=64;l2=0;lr=0.001;num_heads=4;num_layers=1,0.8071,0.8996,0.6757,,0.5508,0.5744,0.508,
SASRec,MovieLens_1M,1,default,test,SASRec__MovieLens_1M__1__lr=0.001__l2=0__emb_size=64__num_layers=1__num_heads=4,..\log\SASRec\SASRec__MovieLens_1M__1__lr=0.001__l2=0__emb_size=64__num_layers=1__num_heads=4.txt,emb_size=64;l2=0;lr=0.001;num_heads=4;num_layers=1,0.7746,0.8779,0.6352,,0.522,0.5484,0.4768,
SASRec,MovieLens_1M,2,default,dev,SASRec__MovieLens_1M__2__lr=0.001__l2=0__emb_size=64__num_layers=1__num_heads=4,..\log\SASRec\SASRec__MovieLens_1M__2__lr=0.001__l2=0__emb_size=64__num_layers=1__num_heads=4.txt,emb_size=64;l2=0;lr=0.001;num_heads=4;num_layers=1,0.7973,0.8991,0.6694,,0.5462,0.5721,0.5047,
SASRec,MovieLens_1M,2,default,test,SASRec__MovieLens_1M__2__lr=0.001__l2=0__emb_size=64__num_layers=1__num_heads=4,..\log\SASRec\SASRec__MovieLens_1M__2__lr=0.001__l2=0__emb_size=64__num_layers=1__num_heads=4.txt,emb_size=64;l2=0;lr=0.001;num_heads=4;num_layers=1,0.7657,0.8724,0.6326,,0.5147,0.5418,0.4714,
SASRec,MovieLens_1M_ep50,0,default,dev,SASRec__MovieLens_1M_ep50__0__lr=0.001__l2=0__emb_size=64__num_layers=1__num_heads=4,..\log\SASRec\SASRec__MovieLens_1M_ep50__0__lr=0.001__l2=0__emb_size=64__num_layers=1__num_heads=4.txt,emb_size=64;l2=0;lr=0.001;num_heads=4;num_layers=1,0.8117,0.9074,0.6908,,0.5662,0.5904,0.5268,
SASRec,MovieLens_1M_ep50,0,default,test,SASRec__MovieLens_1M_ep50__0__lr=0.001__l2=0__emb_size=64__num_layers=1__num_heads=4,..\log\SASRec\SASRec__MovieLens_1M_ep50__0__lr=0.001__l2=0__emb_size=64__num_layers=1__num_heads=4.txt,emb_size=64;l2=0;lr=0.001;num_heads=4;num_layers=1,0.7794,0.8853,0.6492,,0.5348,0.5617,0.4923,
SASRec,MovieLens_1M_ep50,1,default,dev,SASRec__MovieLens_1M_ep50__1__lr=0.001__l2=0__emb_size=64__num_layers=1__num_heads=4,..\log\SASRec\SASRec__MovieLens_1M_ep50__1__lr=0.001__l2=0__emb_size=64__num_layers=1__num_heads=4.txt,emb_size=64;l2=0;lr=0.001;num_heads=4;num_layers=1,0.8159,0.9026,0.6917,,0.5714,0.5934,0.5312,
SASRec,MovieLens_1M_ep50,1,default,test,SASRec__MovieLens_1M_ep50__1__lr=0.001__l2=0__emb_size=64__num_layers=1__num_heads=4,..\log\SASRec\SASRec__MovieLens_1M_ep50__1__lr=0.001__l2=0__emb_size=64__num_layers=1__num_heads=4.txt,emb_size=64;l2=0;lr=0.001;num_heads=4;num_layers=1,0.7797,0.8798,0.655,,0.5357,0.5611,0.4951,
SASRec,MovieLens_1M_ep50,2,default,dev,SASRec__MovieLens_1M_ep50__2__lr=0.001__l2=0__emb_size=64__num_layers=1__num_heads=4,..\log\SASRec\SASRec__MovieLens_1M_ep50__2__lr=0.001__l2=0__emb_size=64__num_layers=1__num_heads=4.txt,emb_size=64;l2=0;lr=0.001;num_heads=4;num_layers=1,0.8104,0.9024,0.6869,,0.5641,0.5875,0.5239,
SASRec,MovieLens_1M_ep50,2,default,test,SASRec__MovieLens_1M_ep50__2__lr=0.001__l2=0__emb_size=64__num_layers=1__num_heads=4,..\log\SASRec\SASRec__MovieLens_1M_ep50__2__lr=0.001__l2=0__emb_size=64__num_layers=1__num_heads=4.txt,emb_size=64;l2=0;lr=0.001;num_heads=4;num_layers=1,0.7738,0.8787,0.6478,,0.532,0.5586,0.491,
TiSASRec,Grocery_and_Gourmet_Food,0,default,dev,TiSASRec__Grocery_and_Gourmet_Food__0__lr=0.001__l2=0__emb_size=64__num_layers=1__num_heads=4__time_max=512,..\log\TiSASRec\TiSASRec__Grocery_and_Gourmet_Food__0__lr=0.001__l2=0__emb_size=64__num_layers=1__num_heads=4__time_max=512.txt,emb_size=64;l2=0;lr=0.001;num_heads=4;num_layers=1;time_max=512,0.4529,0.5613,0.3462,,0.2726,0.3001,0.238,
TiSASRec,Grocery_and_Gourmet_Food,0,default,test,TiSASRec__Grocery_and_Gourmet_Food__0__lr=0.001__l2=0__emb_size=64__num_layers=1__num_heads=4__time_max=512,..\log\TiSASRec\TiSASRec__Grocery_and_Gourmet_Food__0__lr=0.001__l2=0__emb_size=64__num_layers=1__num_heads=4__time_max=512.txt,emb_size=64;l2=0;lr=0.001;num_heads=4;num_layers=1;time_max=512,0.4092,0.5145,0.2957,,0.235,0.2616,0.1981,
TiSASRec,Grocery_and_Gourmet_Food,1,default,dev,TiSASRec__Grocery_and_Gourmet_Food__1__lr=0.001__l2=0__emb_size=64__num_layers=1__num_heads=4__time_max=512,..\log\TiSASRec\TiSASRec__Grocery_and_Gourmet_Food__1__lr=0.001__l2=0__emb_size=64__num_layers=1__num_heads=4__time_max=512.txt,emb_size=64;l2=0;lr=0.001;num_heads=4;num_layers=1;time_max=512,0.506,0.6164,0.4137,,0.3391,0.3669,0.3093,
TiSASRec,Grocery_and_Gourmet_Food,1,default,test,TiSASRec__Grocery_and_Gourmet_Food__1__lr=0.001__l2=0__emb_size=64__num_layers=1__num_heads=4__time_max=512,..\log\TiSASRec\TiSASRec__Grocery_and_Gourmet_Food__1__lr=0.001__l2=0__emb_size=64__num_layers=1__num_heads=4__time_max=512.txt,emb_size=64;l2=0;lr=0.001;num_heads=4;num_layers=1;time_max=512,0.4642,0.5748,0.3692,,0.3024,0.3302,0.2718,
TiSASRec,Grocery_and_Gourmet_Food,2,default,dev,TiSASRec__Grocery_and_Gourmet_Food__2__lr=0.001__l2=0__emb_size=64__num_layers=1__num_heads=4__time_max=512,..\log\TiSASRec\TiSASRec__Grocery_and_Gourmet_Food__2__lr=0.001__l2=0__emb_size=64__num_layers=1__num_heads=4__time_max=512.txt,emb_size=64;l2=0;lr=0.001;num_heads=4;num_layers=1;time_max=512,0.508,0.6214,0.4168,,0.3429,0.3714,0.3135,
TiSASRec,Grocery_and_Gourmet_Food,2,default,test,TiSASRec__Grocery_and_Gourmet_Food__2__lr=0.001__l2=0__emb_size=64__num_layers=1__num_heads=4__time_max=512,..\log\TiSASRec\TiSASRec__Grocery_and_Gourmet_Food__2__lr=0.001__l2=0__emb_size=64__num_layers=1__num_heads=4__time_max=512.txt,emb_size=64;l2=0;lr=0.001;num_heads=4;num_layers=1;time_max=512,0.4654,0.5783,0.3682,,0.301,0.3294,0.2695,
TiSASRec,Grocery_and_Gourmet_Food_grocery_ep50_h50_cmp,0,default,dev,TiSASRec__Grocery_and_Gourmet_Food_grocery_ep50_h50_cmp__0__lr=0.001__l2=0__emb_size=64__num_layers=1__num_heads=4__time_max=512,..\log\TiSASRec\TiSASRec__Grocery_and_Gourmet_Food_grocery_ep50_h50_cmp__0__lr=0.001__l2=0__emb_size=64__num_layers=1__num_heads=4__time_max=512.txt,emb_size=64;l2=0;lr=0.001;num_heads=4;num_layers=1;time_max=512,0.503,0.6113,0.4078,,0.3405,0.3678,0.3098,
TiSASRec,Grocery_and_Gourmet_Food_grocery_ep50_h50_cmp,0,default,test,TiSASRec__Grocery_and_Gourmet_Food_grocery_ep50_h50_cmp__0__lr=0.001__l2=0__emb_size=64__num_layers=1__num_heads=4__time_max=512,..\log\TiSASRec\TiSASRec__Grocery_and_Gourmet_Food_grocery_ep50_h50_cmp__0__lr=0.001__l2=0__emb_size=64__num_layers=1__num_heads=4__time_max=512.txt,emb_size=64;l2=0;lr=0.001;num_heads=4;num_layers=1;time_max=512,0.4593,0.5716,0.3622,,0.2984,0.3267,0.267,
TiSASRec,Grocery_and_Gourmet_Food_grocery_ep50_h50_cmp,1,default,dev,TiSASRec__Grocery_and_Gourmet_Food_grocery_ep50_h50_cmp__1__lr=0.001__l2=0__emb_size=64__num_layers=1__num_heads=4__time_max=512,..\log\TiSASRec\TiSASRec__Grocery_and_Gourmet_Food_grocery_ep50_h50_cmp__1__lr=0.001__l2=0__emb_size=64__num_layers=1__num_heads=4__time_max=512.txt,emb_size=64;l2=0;lr=0.001;num_heads=4;num_layers=1;time_max=512,0.5059,0.6175,0.4112,,0.3385,0.3666,0.3079,
TiSASRec,Grocery_and_Gourmet_Food_grocery_ep50_h50_cmp,1,default,test,TiSASRec__Grocery_and_Gourmet_Food_grocery_ep50_h50_cmp__1__lr=0.001__l2=0__emb_size=64__num_layers=1__num_heads=4__time_max=512,..\log\TiSASRec\TiSASRec__Grocery_and_Gourmet_Food_grocery_ep50_h50_cmp__1__lr=0.001__l2=0__emb_size=64__num_layers=1__num_heads=4__time_max=512.txt,emb_size=64;l2=0;lr=0.001;num_heads=4;num_layers=1;time_max=512,0.4586,0.566,0.3671,,0.2963,0.3233,0.2667,
TiSASRec,Grocery_and_Gourmet_Food_grocery_ep50_h50_cmp,2,default,dev,TiSASRec__Grocery_and_Gourmet_Food_grocery_ep50_h50_cmp__2__lr=0.001__l2=0__emb_size=64__num_layers=1__num_heads=4__time_max=512,..\log\TiSASRec\TiSASRec__Grocery_and_Gourmet_Food_grocery_ep50_h50_cmp__2__lr=0.001__l2=0__emb_size=64__num_layers=1__num_heads=4__time_max=512.txt,emb_size=64;l2=0;lr=0.001;num_heads=4;num_layers=1;time_max=512,0.5067,0.6187,0.4101,,0.3402,0.3685,0.3091,
TiSASRec,Grocery_and_Gourmet_Food_grocery_ep50_h50_cmp,2,default,test,TiSASRec__Grocery_and_Gourmet_Food_grocery_ep50_h50_cmp__2__lr=0.001__l2=0__emb_size=64__num_layers=1__num_heads=4__time_max=512,..\log\TiSASRec\TiSASRec__Grocery_and_Gourmet_Food_grocery_ep50_h50_cmp__2__lr=0.001__l2=0__emb_size=64__num_layers=1__num_heads=4__time_max=512.txt,emb_size=64;l2=0;lr=0.001;num_heads=4;num_layers=1;time_max=512,0.4631,0.575,0.3702,,0.3014,0.3297,0.2715,
TiSASRec,MovieLens_100K,0,default,dev,TiSASRec__MovieLens_100K__0__lr=0.001__l2=0__emb_size=64__num_layers=1__num_heads=4__time_max=512,..\log\TiSASRec\TiSASRec__MovieLens_100K__0__lr=0.001__l2=0__emb_size=64__num_layers=1__num_heads=4__time_max=512.txt,emb_size=64;l2=0;lr=0.001;num_heads=4;num_layers=1;time_max=512,0.6407,0.7996,0.4659,,0.3864,0.427,0.3296,
TiSASRec,MovieLens_100K,0,default,test,TiSASRec__MovieLens_100K__0__lr=0.001__l2=0__emb_size=64__num_layers=1__num_heads=4__time_max=512,..\log\TiSASRec\TiSASRec__MovieLens_100K__0__lr=0.001__l2=0__emb_size=64__num_layers=1__num_heads=4__time_max=512.txt,emb_size=64;l2=0;lr=0.001;num_heads=4;num_layers=1;time_max=512,0.6098,0.7825,0.4595,,0.3648,0.4088,0.3162,
TiSASRec,MovieLens_100K,1,default,dev,TiSASRec__MovieLens_100K__1__lr=0.001__l2=0__emb_size=64__num_layers=1__num_heads=4__time_max=512,..\log\TiSASRec\TiSASRec__MovieLens_100K__1__lr=0.001__l2=0__emb_size=64__num_layers=1__num_heads=4__time_max=512.txt,emb_size=64;l2=0;lr=0.001;num_heads=4;num_layers=1;time_max=512,0.6397,0.8017,0.4627,,0.3853,0.4269,0.3284,
TiSASRec,MovieLens_100K,1,default,test,TiSASRec__MovieLens_100K__1__lr=0.001__l2=0__emb_size=64__num_layers=1__num_heads=4__time_max=512,..\log\TiSASRec\TiSASRec__MovieLens_100K__1__lr=0.001__l2=0__emb_size=64__num_layers=1__num_heads=4__time_max=512.txt,emb_size=64;l2=0;lr=0.001;num_heads=4;num_layers=1;time_max=512,0.6077,0.7719,0.4424,,0.3623,0.4039,0.3089,
TiSASRec,MovieLens_100K,2,default,dev,TiSASRec__MovieLens_100K__2__lr=0.001__l2=0__emb_size=64__num_layers=1__num_heads=4__time_max=512,..\log\TiSASRec\TiSASRec__MovieLens_100K__2__lr=0.001__l2=0__emb_size=64__num_layers=1__num_heads=4__time_max=512.txt,emb_size=64;l2=0;lr=0.001;num_heads=4;num_layers=1;time_max=512,0.6482,0.806,0.4691,,0.3864,0.4262,0.3285,
TiSASRec,MovieLens_100K,2,default,test,TiSASRec__MovieLens_100K__2__lr=0.001__l2=0__emb_size=64__num_layers=1__num_heads=4__time_max=512,..\log\TiSASRec\TiSASRec__MovieLens_100K__2__lr=0.001__l2=0__emb_size=64__num_layers=1__num_heads=4__time_max=512.txt,emb_size=64;l2=0;lr=0.001;num_heads=4;num_layers=1;time_max=512,0.6055,0.7676,0.4446,,0.3551,0.3962,0.3032,
TiSASRec,MovieLens_1M,0,default,dev,TiSASRec__MovieLens_1M__0__lr=0.001__l2=0__emb_size=64__num_layers=1__num_heads=4__time_max=512,..\log\TiSASRec\TiSASRec__MovieLens_1M__0__lr=0.001__l2=0__emb_size=64__num_layers=1__num_heads=4__time_max=512.txt,emb_size=64;l2=0;lr=0.001;num_heads=4;num_layers=1;time_max=512,0.7315,0.8628,0.5737,,0.461,0.4944,0.4099,
TiSASRec,MovieLens_1M,0,default,test,TiSASRec__MovieLens_1M__0__lr=0.001__l2=0__emb_size=64__num_layers=1__num_heads=4__time_max=512,..\log\TiSASRec\TiSASRec__MovieLens_1M__0__lr=0.001__l2=0__emb_size=64__num_layers=1__num_heads=4__time_max=512.txt,emb_size=64;l2=0;lr=0.001;num_heads=4;num_layers=1;time_max=512,0.6969,0.8349,0.5423,,0.4369,0.472,0.3868,
TiSASRec,MovieLens_1M,1,default,dev,TiSASRec__MovieLens_1M__1__lr=0.001__l2=0__emb_size=64__num_layers=1__num_heads=4__time_max=512,..\log\TiSASRec\TiSASRec__MovieLens_1M__1__lr=0.001__l2=0__emb_size=64__num_layers=1__num_heads=4__time_max=512.txt,emb_size=64;l2=0;lr=0.001;num_heads=4;num_layers=1;time_max=512,0.8074,0.9039,0.6757,,0.5511,0.5758,0.5081,
TiSASRec,MovieLens_1M,1,default,test,TiSASRec__MovieLens_1M__1__lr=0.001__l2=0__emb_size=64__num_layers=1__num_heads=4__time_max=512,..\log\TiSASRec\TiSASRec__MovieLens_1M__1__lr=0.001__l2=0__emb_size=64__num_layers=1__num_heads=4__time_max=512.txt,emb_size=64;l2=0;lr=0.001;num_heads=4;num_layers=1;time_max=512,0.7733,0.8784,0.6492,,0.5253,0.552,0.485,
TiSASRec,MovieLens_1M,2,default,dev,TiSASRec__MovieLens_1M__2__lr=0.001__l2=0__emb_size=64__num_layers=1__num_heads=4__time_max=512,..\log\TiSASRec\TiSASRec__MovieLens_1M__2__lr=0.001__l2=0__emb_size=64__num_layers=1__num_heads=4__time_max=512.txt,emb_size=64;l2=0;lr=0.001;num_heads=4;num_layers=1;time_max=512,0.8091,0.9064,0.6798,,0.5558,0.5805,0.5136,
TiSASRec,MovieLens_1M,2,default,test,TiSASRec__MovieLens_1M__2__lr=0.001__l2=0__emb_size=64__num_layers=1__num_heads=4__time_max=512,..\log\TiSASRec\TiSASRec__MovieLens_1M__2__lr=0.001__l2=0__emb_size=64__num_layers=1__num_heads=4__time_max=512.txt,emb_size=64;l2=0;lr=0.001;num_heads=4;num_layers=1;time_max=512,0.7812,0.882,0.6535,,0.5342,0.5598,0.4927,
TiSASRec,MovieLens_1M_ep50,0,default,dev,TiSASRec__MovieLens_1M_ep50__0__lr=0.001__l2=0__emb_size=64__num_layers=1__num_heads=4__time_max=512,..\log\TiSASRec\TiSASRec__MovieLens_1M_ep50__0__lr=0.001__l2=0__emb_size=64__num_layers=1__num_heads=4__time_max=512.txt,emb_size=64;l2=0;lr=0.001;num_heads=4;num_layers=1;time_max=512,0.8129,0.9006,0.6919,,0.5669,0.5892,0.5275,
TiSASRec,MovieLens_1M_ep50,0,default,test,TiSASRec__MovieLens_1M_ep50__0__lr=0.001__l2=0__emb_size=64__num_layers=1__num_heads=4__time_max=512,..\log\TiSASRec\TiSASRec__MovieLens_1M_ep50__0__lr=0.001__l2=0__emb_size=64__num_layers=1__num_heads=4__time_max=512.txt,emb_size=64;l2=0;lr=0.001;num_heads=4;num_layers=1;time_max=512,0.7801,0.8775,0.6498,,0.5334,0.5581,0.4911,
TiSASRec,MovieLens_1M_ep50,1,default,dev,TiSASRec__MovieLens_1M_ep50__1__lr=0.001__l2=0__emb_size=64__num_layers=1__num_heads=4__time_max=512,..\log\TiSASRec\TiSASRec__MovieLens_1M_ep50__1__lr=0.001__l2=0__emb_size=64__num_layers=1__num_heads=4__time_max=512.txt,emb_size=64;l2=0;lr=0.001;num_heads=4;num_layers=1;time_max=512,0.8122,0.9037,0.6861,,0.561,0.5841,0.5199,
TiSASRec,MovieLens_1M_ep50,1,default,test,TiSASRec__MovieLens_1M_ep50__1__lr=0.001__l2=0__emb_size=64__num_layers=1__num_heads=4__time_max=512,..\log\TiSASRec\TiSASRec__MovieLens_1M_ep50__1__lr=0.001__l2=0__emb_size=64__num_layers=1__num_heads=4__time_max=512.txt,emb_size=64;l2=0;lr=0.001;num_heads=4;num_layers=1;time_max=512,0.7776,0.8823,0.6429,,0.5247,0.5513,0.4809,
TiSASRec,MovieLens_1M_ep50,2,default,dev,TiSASRec__MovieLens_1M_ep50__2__lr=0.001__l2=0__emb_size=64__num_layers=1__num_heads=4__time_max=512,..\log\TiSASRec\TiSASRec__MovieLens_1M_ep50__2__lr=0.001__l2=0__emb_size=64__num_layers=1__num_heads=4__time_max=512.txt,emb_size=64;l2=0;lr=0.001;num_heads=4;num_layers=1;time_max=512,0.8109,0.9004,0.6949,,0.5663,0.5891,0.5285,
TiSASRec,MovieLens_1M_ep50,2,default,test,TiSASRec__MovieLens_1M_ep50__2__lr=0.001__l2=0__emb_size=64__num_layers=1__num_heads=4__time_max=512,..\log\TiSASRec\TiSASRec__MovieLens_1M_ep50__2__lr=0.001__l2=0__emb_size=64__num_layers=1__num_heads=4__time_max=512.txt,emb_size=64;l2=0;lr=0.001;num_heads=4;num_layers=1;time_max=512,0.7804,0.8803,0.6571,,0.5363,0.5617,0.4962,
